Unicode	NGram	ID
Empty String	0	0
Unknown	0	1
' '	1	2
'   '	2	3
'e'	1	4
't'	1	5
'i'	1	6
'o'	1	7
'r'	1	8
'a'	1	9
'n'	1	10
's'	1	11
'\n'	1	12
'l'	1	13
'c'	1	14
'd'	1	15
'p'	1	16
'u'	1	17
'm'	1	18
'"'	1	19
'.'	1	20
'-'	1	21
'h'	1	22
'\n  '	2	23
'f'	1	24
'/'	1	25
'g'	1	26
','	1	27
'0'	1	28
'='	1	29
'b'	1	30
'_'	1	31
'\t'	1	32
'i n'	2	33
'e  '	2	34
'e r'	2	35
'o n'	2	36
':'	1	37
'y'	1	38
'A'	1	39
'1'	1	40
'('	1	41
')'	1	42
'>'	1	43
'T'	1	44
'S'	1	45
'C'	1	46
'r e'	2	47
'E'	1	48
't e'	2	49
'v'	1	50
'- -'	2	51
'<'	1	52
'a t'	2	53
'o r'	2	54
'*'	1	55
'2'	1	56
'e n'	2	57
'I'	1	58
';'	1	59
'w'	1	60
's t'	2	61
'l e'	2	62
't i'	2	63
'x'	1	64
'  t'	2	65
't  '	2	66
'n t'	2	67
't h'	2	68
',  '	2	69
'e s'	2	70
's e'	2	71
'R'	1	72
'd e'	2	73
'D'	1	74
'N'	1	75
'L'	1	76
's  '	2	77
'P'	1	78
'3'	1	79
'a r'	2	80
'k'	1	81
'\t \t'	2	82
'i o'	2	83
'h e'	2	84
'O'	1	85
'c o'	2	86
'4'	1	87
'a l'	2	88
'm e'	2	89
'r o'	2	90
'#'	1	91
'a n'	2	92
'\n \t'	2	93
'r i'	2	94
'e t'	2	95
'n d'	2	96
"'"	1	97
'  i'	2	98
'F'	1	99
'i t'	2	100
'n  '	2	101
'\n \n'	2	102
'; \n'	2	103
'  a'	2	104
'5'	1	105
'i s'	2	106
'B'	1	107
'M'	1	108
'6'	1	109
'  ='	2	110
't a'	2	111
'=  '	2	112
'r a'	2	113
't r'	2	114
'{'	1	115
'n g'	2	116
'> \n'	2	117
':  '	2	118
'l i'	2	119
'  s'	2	120
'  c'	2	121
'd  '	2	122
'r  '	2	123
'}'	1	124
'8'	1	125
'= "'	2	126
'c t'	2	127
'  <'	2	128
't o'	2	129
'e d'	2	130
'c e'	2	131
'9'	1	132
'n s'	2	133
'= ='	2	134
'p e'	2	135
'a s'	2	136
'  "'	2	137
'e c'	2	138
'n e'	2	139
'i c'	2	140
'i l'	2	141
'l a'	2	142
'7'	1	143
'o u'	2	144
'* *'	2	145
'e l'	2	146
'U'	1	147
'a m'	2	148
'0 0'	2	149
'G'	1	150
'  f'	2	151
'd i'	2	152
'g e'	2	153
'v e'	2	154
'f i'	2	155
'm a'	2	156
'/ /'	2	157
'u t'	2	158
'u r'	2	159
'  o'	2	160
'$'	1	161
'n c'	2	162
's s'	2	163
'a c'	2	164
's i'	2	165
'\\'	1	166
'o m'	2	167
'l o'	2	168
'i d'	2	169
'r t'	2	170
'  p'	2	171
'  *'	2	172
'p a'	2	173
'"  '	2	174
'e a'	2	175
'< /'	2	176
'u n'	2	177
'o l'	2	178
'n a'	2	179
'c h'	2	180
'  ('	2	181
'  r'	2	182
'f  '	2	183
'f o'	2	184
'o p'	2	185
'  {'	2	186
'l l'	2	187
'H'	1	188
'  d'	2	189
'o d'	2	190
'\r'	1	191
')  '	2	192
'e x'	2	193
'c l'	2	194
'e m'	2	195
'm p'	2	196
'j'	1	197
'y  '	2	198
'e f'	2	199
'c a'	2	200
'p r'	2	201
'\r \n'	2	202
') \n'	2	203
'l u'	2	204
'['	1	205
'  m'	2	206
'*  '	2	207
'l  '	2	208
'V'	1	209
']'	1	210
'  b'	2	211
'C o'	2	212
'a d'	2	213
'  n'	2	214
't y'	2	215
'i g'	2	216
'  e'	2	217
'p o'	2	218
'b l'	2	219
'i m'	2	220
'r s'	2	221
'u s'	2	222
'} \n'	2	223
'{ \n'	2	224
'\n #'	2	225
'i f'	2	226
'W'	1	227
', \n'	2	228
'o  '	2	229
'p l'	2	230
'h a'	2	231
'h i'	2	232
'  w'	2	233
') ;'	2	234
'o f'	2	235
'a g'	2	236
'u l'	2	237
'i e'	2	238
'" \n'	2	239
'# #'	2	240
'  -'	2	241
'  0'	2	242
'@'	1	243
'u e'	2	244
'%'	1	245
'o t'	2	246
'v a'	2	247
'g  '	2	248
'" ,'	2	249
'a b'	2	250
't s'	2	251
'c k'	2	252
'  l'	2	253
'  S'	2	254
'z'	1	255
'h t'	2	256
'o c'	2	257
's .'	2	258
'q'	1	259
'a  '	2	260
'  1'	2	261
's o'	2	262
't t'	2	263
'h o'	2	264
'w i'	2	265
'  T'	2	266
'  C'	2	267
'Y'	1	268
'm o'	2	269
'a p'	2	270
'y p'	2	271
'p t'	2	272
'n o'	2	273
'+'	1	274
'r m'	2	275
'd a'	2	276
'b e'	2	277
'o o'	2	278
'  v'	2	279
'e .'	2	280
'b u'	2	281
'e ='	2	282
't u'	2	283
'k e'	2	284
'R e'	2	285
'l d'	2	286
'n i'	2	287
'  /'	2	288
'i v'	2	289
"  '"	2	290
'  }'	2	291
'. .'	2	292
'r c'	2	293
's p'	2	294
'. \n'	2	295
'x t'	2	296
'  A'	2	297
'  I'	2	298
'  $'	2	299
'X'	1	300
'o w'	2	301
'o s'	2	302
'a i'	2	303
'" >'	2	304
'i r'	2	305
'( )'	2	306
'r r'	2	307
'  h'	2	308
'h  '	2	309
'  u'	2	310
'K'	1	311
'/  '	2	312
'0 .'	2	313
's h'	2	314
';  '	2	315
'i b'	2	316
'c r'	2	317
'u b'	2	318
'  P'	2	319
'd o'	2	320
't .'	2	321
'A A'	2	322
'r n'	2	323
'r g'	2	324
'l s'	2	325
'b o'	2	326
'm i'	2	327
'e e'	2	328
'I n'	2	329
'g i'	2	330
's u'	2	331
'r y'	2	332
'u i'	2	333
's c'	2	334
'c  '	2	335
'0 ,'	2	336
'.  '	2	337
'u m'	2	338
'u d'	2	339
'  L'	2	340
': :'	2	341
'v i'	2	342
'>  '	2	343
'. 0'	2	344
'#  '	2	345
'2 0'	2	346
'|'	1	347
'm  '	2	348
'u p'	2	349
't _'	2	350
'b a'	2	351
'p u'	2	352
'e _'	2	353
'a y'	2	354
'  2'	2	355
'p p'	2	356
'e \n'	2	357
'n f'	2	358
'l t'	2	359
'e p'	2	360
'S t'	2	361
'. c'	2	362
'e "'	2	363
'e w'	2	364
'e :'	2	365
'L i'	2	366
'&'	1	367
'r u'	2	368
'P r'	2	369
'i a'	2	370
'o i'	2	371
'1 0'	2	372
'0  '	2	373
'r d'	2	374
'f a'	2	375
'  F'	2	376
'i p'	2	377
'e ('	2	378
'I N'	2	379
'- >'	2	380
'g r'	2	381
'g h'	2	382
'\n /'	2	383
'!'	1	384
'm s'	2	385
'e v'	2	386
'-  '	2	387
'q u'	2	388
'1 .'	2	389
'0 1'	2	390
'j e'	2	391
'Q'	1	392
'. h'	2	393
'D e'	2	394
'S e'	2	395
's a'	2	396
't p'	2	397
'e ,'	2	398
'f t'	2	399
't ('	2	400
'i z'	2	401
'/ s'	2	402
's /'	2	403
'd d'	2	404
'/ >'	2	405
'`'	1	406
'" :'	2	407
'  g'	2	408
'n u'	2	409
's :'	2	410
') )'	2	411
'  ['	2	412
'e g'	2	413
'o g'	2	414
'r .'	2	415
'c u'	2	416
'  D'	2	417
'o b'	2	418
'w a'	2	419
's "'	2	420
'  O'	2	421
'a v'	2	422
'e y'	2	423
'  :'	2	424
'  M'	2	425
'E R'	2	426
', "'	2	427
'z e'	2	428
't -'	2	429
'p i'	2	430
'1  '	2	431
'F i'	2	432
'l y'	2	433
'a u'	2	434
'T h'	2	435
'o v'	2	436
'_ s'	2	437
'P a'	2	438
'  G'	2	439
'  \n'	2	440
'f e'	2	441
'A R'	2	442
'g u'	2	443
'f r'	2	444
'f f'	2	445
'1 ,'	2	446
'\t <'	2	447
'p  '	2	448
'm m'	2	449
'f u'	2	450
'n .'	2	451
'e >'	2	452
't :'	2	453
'  N'	2	454
'_ t'	2	455
'/ *'	2	456
'> <'	2	457
'd r'	2	458
'  R'	2	459
'e b'	2	460
'1 2'	2	461
'\n }'	2	462
'e -'	2	463
'S  '	2	464
'* /'	2	465
'  \\'	2	466
'  @'	2	467
'M a'	2	468
'n "'	2	469
'A C'	2	470
'1 1'	2	471
'm l'	2	472
'S E'	2	473
'_ c'	2	474
'E S'	2	475
'g s'	2	476
'  .'	2	477
'O N'	2	478
'/ \n'	2	479
'J'	1	480
'?'	1	481
'  #'	2	482
'c i'	2	483
'e q'	2	484
'N T'	2	485
'  B'	2	486
'T e'	2	487
's ='	2	488
'E  '	2	489
't "'	2	490
'T  '	2	491
'N a'	2	492
's \n'	2	493
'2  '	2	494
'O R'	2	495
'2 .'	2	496
'o a'	2	497
'3 2'	2	498
'. s'	2	499
', 0'	2	500
'I T'	2	501
'k  '	2	502
'" )'	2	503
'\n <'	2	504
'  y'	2	505
'ÿ'	1	506
', 1'	2	507
'e i'	2	508
't \n'	2	509
') ,'	2	510
'd u'	2	511
'/ a'	2	512
', ,'	2	513
'L I'	2	514
'w  '	2	515
'. 1'	2	516
': \n'	2	517
'E N'	2	518
'p y'	2	519
'd _'	2	520
'b j'	2	521
'R E'	2	522
'u a'	2	523
'$ ('	2	524
'A N'	2	525
'u g'	2	526
'u c'	2	527
'd s'	2	528
'e )'	2	529
'y s'	2	530
'd .'	2	531
'm b'	2	532
'  E'	2	533
'C A'	2	534
'w o'	2	535
'b i'	2	536
'  %'	2	537
'p :'	2	538
'- 1'	2	539
"' ,"	2	540
"'  "	2	541
'F o'	2	542
'T I'	2	543
'e ;'	2	544
'. p'	2	545
': /'	2	546
'e /'	2	547
'T o'	2	548
'r v'	2	549
'T y'	2	550
'1 6'	2	551
'h r'	2	552
'0 \n'	2	553
'c c'	2	554
'  W'	2	555
'# i'	2	556
'_ _'	2	557
't l'	2	558
'B u'	2	559
'S T'	2	560
'w e'	2	561
'D E'	2	562
'> \r'	2	563
'x p'	2	564
'R  '	2	565
'1 4'	2	566
'r k'	2	567
'g n'	2	568
']  '	2	569
't c'	2	570
'( "'	2	571
'y o'	2	572
't ,'	2	573
'r :'	2	574
'r _'	2	575
'* \n'	2	576
'p s'	2	577
'\n i'	2	578
'd :'	2	579
's _'	2	580
'_ i'	2	581
'  x'	2	582
'b r'	2	583
'3 .'	2	584
'6 4'	2	585
'ÿ ÿ'	2	586
'n \n'	2	587
'x  '	2	588
'_ p'	2	589
't m'	2	590
'- s'	2	591
'T E'	2	592
'Z'	1	593
'n k'	2	594
't >'	2	595
'w w'	2	596
'1 5'	2	597
'G e'	2	598
'\n -'	2	599
'  3'	2	600
'l .'	2	601
'd \n'	2	602
's ,'	2	603
'b y'	2	604
'. o'	2	605
'/ p'	2	606
'/ c'	2	607
'T H'	2	608
'. t'	2	609
'0 2'	2	610
'1 3'	2	611
'  |'	2	612
'n n'	2	613
'N S'	2	614
'. /'	2	615
'. a'	2	616
'L E'	2	617
'T A'	2	618
'" t'	2	619
't d'	2	620
'A T'	2	621
'0 x'	2	622
'1 9'	2	623
'c s'	2	624
'n _'	2	625
'g .'	2	626
'o j'	2	627
'\\ n'	2	628
't f'	2	629
'- c'	2	630
'v o'	2	631
'" /'	2	632
'/ d'	2	633
'r ('	2	634
'3 0'	2	635
'\n m'	2	636
'd l'	2	637
'4  '	2	638
'A L'	2	639
'u  '	2	640
'n :'	2	641
'S o'	2	642
'4 0'	2	643
'C O'	2	644
'D i'	2	645
'< s'	2	646
'p h'	2	647
'0 "'	2	648
'2 ,'	2	649
's -'	2	650
'd "'	2	651
'= >'	2	652
't w'	2	653
'9 9'	2	654
's g'	2	655
't /'	2	656
'2 5'	2	657
's l'	2	658
'E _'	2	659
'E A'	2	660
'f l'	2	661
'\\ \n'	2	662
'n -'	2	663
'm .'	2	664
'E x'	2	665
'" c'	2	666
'{  '	2	667
'g l'	2	668
'o k'	2	669
's r'	2	670
'G r'	2	671
'/ t'	2	672
'. 2'	2	673
'n ('	2	674
's ('	2	675
'w h'	2	676
'b s'	2	677
't ='	2	678
'y >'	2	679
'_ d'	2	680
'- 0'	2	681
'g o'	2	682
"' )"	2	683
'r l'	2	684
'  +'	2	685
'  U'	2	686
'D a'	2	687
'd -'	2	688
'D  '	2	689
'|  '	2	690
'T _'	2	691
'/ l'	2	692
'r -'	2	693
't )'	2	694
'M o'	2	695
'" s'	2	696
'd t'	2	697
'V e'	2	698
'. m'	2	699
'_ a'	2	700
'( s'	2	701
'0 4'	2	702
't ;'	2	703
'. 5'	2	704
'a k'	2	705
'n l'	2	706
'  4'	2	707
'  _'	2	708
'n v'	2	709
'C l'	2	710
'M E'	2	711
's )'	2	712
'L o'	2	713
'U T'	2	714
'M A'	2	715
'}  '	2	716
'l _'	2	717
'( c'	2	718
') .'	2	719
'k i'	2	720
"( '"	2	721
'W i'	2	722
'" "'	2	723
'n >'	2	724
'p x'	2	725
'2 1'	2	726
'r \n'	2	727
'N o'	2	728
'E C'	2	729
'_ S'	2	730
'l f'	2	731
'H E'	2	732
'E n'	2	733
'  V'	2	734
'g /'	2	735
'5 0'	2	736
'd ='	2	737
'  )'	2	738
'n ='	2	739
'm u'	2	740
'A S'	2	741
'D I'	2	742
'3  '	2	743
'  &'	2	744
'T r'	2	745
'1 8'	2	746
'N D'	2	747
'R A'	2	748
'I C'	2	749
'. 3'	2	750
'. g'	2	751
's y'	2	752
'L a'	2	753
'0 3'	2	754
'M e'	2	755
'" 1'	2	756
'0 )'	2	757
'l "'	2	758
'/ i'	2	759
'] ,'	2	760
'_ f'	2	761
'Y  '	2	762
'r "'	2	763
'\t  '	2	764
'5 ,'	2	765
'5  '	2	766
'd ('	2	767
'I S'	2	768
'I O'	2	769
'. i'	2	770
'] \n'	2	771
'x s'	2	772
'/ w'	2	773
'@ @'	2	774
'< p'	2	775
'k a'	2	776
'C E'	2	777
'L A'	2	778
'p >'	2	779
'm _'	2	780
'; ;'	2	781
'n y'	2	782
'} ,'	2	783
'P l'	2	784
'_ m'	2	785
'i x'	2	786
'r )'	2	787
'2 2'	2	788
'w .'	2	789
'S S'	2	790
'_ r'	2	791
'  H'	2	792
'm /'	2	793
'a x'	2	794
'N U'	2	795
'. d'	2	796
'  k'	2	797
'4 .'	2	798
'y l'	2	799
'C T'	2	800
'V a'	2	801
'\n "'	2	802
'C h'	2	803
'8 0'	2	804
'3 ,'	2	805
'( t'	2	806
'T Y'	2	807
'- 2'	2	808
'- t'	2	809
'r >'	2	810
'2 3'	2	811
'" h'	2	812
'_ C'	2	813
'+  '	2	814
'I L'	2	815
'e C'	2	816
'~'	1	817
'1 7'	2	818
'\t }'	2	819
'F r'	2	820
'2 4'	2	821
'h "'	2	822
'g a'	2	823
'R O'	2	824
'T a'	2	825
'_ l'	2	826
'r ,'	2	827
's k'	2	828
'1 \n'	2	829
'0 ;'	2	830
'3 3'	2	831
'A M'	2	832
'F I'	2	833
'g >'	2	834
'0 5'	2	835
'y .'	2	836
'k s'	2	837
'. l'	2	838
'A n'	2	839
'N E'	2	840
'(  '	2	841
'0 6'	2	842
'v  '	2	843
'- r'	2	844
'L L'	2	845
'A c'	2	846
'n ,'	2	847
'- b'	2	848
'C H'	2	849
'  5'	2	850
'n p'	2	851
'2 8'	2	852
'0 8'	2	853
'P A'	2	854
'E D'	2	855
'i  '	2	856
'V i'	2	857
'6 0'	2	858
'P o'	2	859
'6  '	2	860
'C a'	2	861
'4 ,'	2	862
'o x'	2	863
'x m'	2	864
'A G'	2	865
'T R'	2	866
'. 4'	2	867
'( i'	2	868
'S I'	2	869
'R I'	2	870
'R T'	2	871
'\n s'	2	872
'd >'	2	873
'a .'	2	874
'y ='	2	875
'A B'	2	876
'l :'	2	877
'0 9'	2	878
'l -'	2	879
'w s'	2	880
'O p'	2	881
'1 "'	2	882
'. f'	2	883
'E T'	2	884
'. e'	2	885
'n )'	2	886
'3 1'	2	887
'p _'	2	888
'I D'	2	889
'. 6'	2	890
'U L'	2	891
'. 9'	2	892
'A r'	2	893
'h >'	2	894
'e <'	2	895
'^'	1	896
'&  '	2	897
'" ;'	2	898
'I d'	2	899
'_ D'	2	900
'L  '	2	901
'5 5'	2	902
'y :'	2	903
'_ n'	2	904
'- m'	2	905
'4 4'	2	906
'0 7'	2	907
'p .'	2	908
'\n {'	2	909
'/ b'	2	910
'B A'	2	911
'< d'	2	912
'} ;'	2	913
'\n *'	2	914
'2 6'	2	915
'l \n'	2	916
'x i'	2	917
'_ e'	2	918
'4 1'	2	919
'2 7'	2	920
'w n'	2	921
'T O'	2	922
'I t'	2	923
'I m'	2	924
'S c'	2	925
't C'	2	926
'G E'	2	927
'< t'	2	928
'\t r'	2	929
'j s'	2	930
'e o'	2	931
'; \r'	2	932
'/ m'	2	933
'd ,'	2	934
'N O'	2	935
'y r'	2	936
'8  '	2	937
'S y'	2	938
'e S'	2	939
'e T'	2	940
'b  '	2	941
'r /'	2	942
'\n .'	2	943
'x e'	2	944
'_ b'	2	945
'2 9'	2	946
'( $'	2	947
'4 2'	2	948
'N  '	2	949
'\t i'	2	950
'- p'	2	951
'B o'	2	952
'- f'	2	953
'y t'	2	954
'j a'	2	955
'  !'	2	956
'l p'	2	957
'U R'	2	958
'\n c'	2	959
'$ {'	2	960
'_ P'	2	961
'B a'	2	962
'5 1'	2	963
'd /'	2	964
'- l'	2	965
'. 7'	2	966
'r f'	2	967
'8 6'	2	968
'A l'	2	969
'l ,'	2	970
'S i'	2	971
'3 4'	2	972
'1 )'	2	973
', 2'	2	974
'4 3'	2	975
'4 5'	2	976
'w r'	2	977
"e '"	2	978
'3 5'	2	979
'. u'	2	980
'O S'	2	981
'O F'	2	982
'5 6'	2	983
't S'	2	984
't T'	2	985
'A  '	2	986
'- a'	2	987
'. r'	2	988
'5 .'	2	989
'A p'	2	990
'3 6'	2	991
'W A'	2	992
'c _'	2	993
'2 \n'	2	994
'U n'	2	995
'+ +'	2	996
'N G'	2	997
'g g'	2	998
'y e'	2	999
'x c'	2	1000
'O U'	2	1001
'm y'	2	1002
', C'	2	1003
'%  '	2	1004
's >'	2	1005
't P'	2	1006
'- d'	2	1007
'4 8'	2	1008
'D A'	2	1009
'\t c'	2	1010
'9 0'	2	1011
'6 6'	2	1012
'y ('	2	1013
'y _'	2	1014
'P U'	2	1015
'U s'	2	1016
'\t /'	2	1017
'c .'	2	1018
'6 ,'	2	1019
'. 8'	2	1020
'. C'	2	1021
'" a'	2	1022
'/ o'	2	1023
'P R'	2	1024
'V E'	2	1025
': s'	2	1026
'f .'	2	1027
'3 8'	2	1028
'( a'	2	1029
'/ .'	2	1030
'O T'	2	1031
'\\ u'	2	1032
'  `'	2	1033
'o .'	2	1034
'H A'	2	1035
'\n \r'	2	1036
'n /'	2	1037
'7 3'	2	1038
'P u'	2	1039
'g _'	2	1040
'F  '	2	1041
'd )'	2	1042
'- i'	2	1043
'_ o'	2	1044
's w'	2	1045
'l ('	2	1046
'A ,'	2	1047
'3 7'	2	1048
'. b'	2	1049
'8 ,'	2	1050
'p d'	2	1051
'7 0'	2	1052
'x ;'	2	1053
'7 5'	2	1054
'" f'	2	1055
'A D'	2	1056
'" m'	2	1057
'( C'	2	1058
'd y'	2	1059
'" $'	2	1060
'6 .'	2	1061
'. n'	2	1062
's m'	2	1063
'P E'	2	1064
'd b'	2	1065
'6 2'	2	1066
'H O'	2	1067
'f ='	2	1068
'y \n'	2	1069
'3 9'	2	1070
'  j'	2	1071
'" .'	2	1072
'I A'	2	1073
'f s'	2	1074
'9 6'	2	1075
's d'	2	1076
'A d'	2	1077
'N e'	2	1078
"' \n"	2	1079
'C ,'	2	1080
'O b'	2	1081
'M i'	2	1082
'E X'	2	1083
'4 6'	2	1084
'U S'	2	1085
'5 2'	2	1086
'_ A'	2	1087
'_ I'	2	1088
'R R'	2	1089
'H e'	2	1090
'g t'	2	1091
'- 4'	2	1092
'I R'	2	1093
'" p'	2	1094
'  6'	2	1095
'A s'	2	1096
'l ='	2	1097
'  >'	2	1098
'D o'	2	1099
'L e'	2	1100
'\n ;'	2	1101
'S _'	2	1102
'9 8'	2	1103
'g "'	2	1104
'P O'	2	1105
'\t s'	2	1106
'% %'	2	1107
'\n e'	2	1108
'4 7'	2	1109
'7 ,'	2	1110
'- 8'	2	1111
'e I'	2	1112
': "'	2	1113
'I B'	2	1114
'8 8'	2	1115
'T i'	2	1116
'U I'	2	1117
'6 3'	2	1118
'< a'	2	1119
'5 3'	2	1120
'O M'	2	1121
'/ P'	2	1122
'# \n'	2	1123
'/ g'	2	1124
'S u'	2	1125
'G N'	2	1126
'C L'	2	1127
'9 2'	2	1128
'7 7'	2	1129
'( 1'	2	1130
'7  '	2	1131
'6 8'	2	1132
'9 1'	2	1133
'e R'	2	1134
'F O'	2	1135
'_ T'	2	1136
'7 .'	2	1137
'5 9'	2	1138
'f ('	2	1139
'( d'	2	1140
'< l'	2	1141
'6 5'	2	1142
'a w'	2	1143
'" C'	2	1144
'6 7'	2	1145
'- \n'	2	1146
'5 7'	2	1147
'<  '	2	1148
'" i'	2	1149
'" S'	2	1150
'5 4'	2	1151
'7 8'	2	1152
'9 5'	2	1153
'd g'	2	1154
'8 7'	2	1155
'u f'	2	1156
'4 9'	2	1157
'h :'	2	1158
'. j'	2	1159
'I M'	2	1160
'7 6'	2	1161
'5 8'	2	1162
'9 7'	2	1163
'I E'	2	1164
'/ u'	2	1165
'9 ,'	2	1166
'7 2'	2	1167
'c /'	2	1168
'9  '	2	1169
'8 1'	2	1170
'9 4'	2	1171
'6 1'	2	1172
'_ M'	2	1173
"t '"	2	1174
'e A'	2	1175
"' s"	2	1176
'8 9'	2	1177
'8 5'	2	1178
'8 4'	2	1179
'c p'	2	1180
'( p'	2	1181
'L O'	2	1182
'< P'	2	1183
'M P'	2	1184
'7 4'	2	1185
': 1'	2	1186
'R C'	2	1187
'2 "'	2	1188
'- e'	2	1189
'L _'	2	1190
'e P'	2	1191
'P L'	2	1192
', 4'	2	1193
'" d'	2	1194
'] )'	2	1195
'y ,'	2	1196
'7 1'	2	1197
'  8'	2	1198
'( f'	2	1199
'/ h'	2	1200
'_ L'	2	1201
'" r'	2	1202
'8 .'	2	1203
'  \t'	2	1204
'o _'	2	1205
'h p'	2	1206
'D _'	2	1207
'N A'	2	1208
'k g'	2	1209
'y "'	2	1210
'" n'	2	1211
'" l'	2	1212
'8 3'	2	1213
'a f'	2	1214
'f \n'	2	1215
'F a'	2	1216
'E L'	2	1217
'7 9'	2	1218
'r p'	2	1219
'y n'	2	1220
', 3'	2	1221
'l >'	2	1222
'8 2'	2	1223
"n '"	2	1224
'\t p'	2	1225
't I'	2	1226
'- w'	2	1227
'H a'	2	1228
'9 3'	2	1229
'6 9'	2	1230
'R _'	2	1231
'U  '	2	1232
'< x'	2	1233
'0 -'	2	1234
'N C'	2	1235
'b .'	2	1236
"s '"	2	1237
's ['	2	1238
'" A'	2	1239
'R S'	2	1240
'\n p'	2	1241
'g :'	2	1242
'E r'	2	1243
'S h'	2	1244
'h u'	2	1245
'. "'	2	1246
'_ v'	2	1247
'( 0'	2	1248
'\n d'	2	1249
'\n f'	2	1250
'. \\'	2	1251
'C K'	2	1252
'R o'	2	1253
': 0'	2	1254
'B L'	2	1255
't D'	2	1256
'B U'	2	1257
'. w'	2	1258
'E F'	2	1259
'S O'	2	1260
'4 \n'	2	1261
'K e'	2	1262
'c m'	2	1263
'} "'	2	1264
'( n'	2	1265
'C P'	2	1266
'< !'	2	1267
'C  '	2	1268
'W I'	2	1269
'_ F'	2	1270
'- n'	2	1271
'- o'	2	1272
'r ;'	2	1273
'a -'	2	1274
'" 0'	2	1275
'. S'	2	1276
'" b'	2	1277
'_ u'	2	1278
'O P'	2	1279
'/ x'	2	1280
'S p'	2	1281
'/ r'	2	1282
'I  '	2	1283
'/ C'	2	1284
'# d'	2	1285
'9 .'	2	1286
'A P'	2	1287
'B I'	2	1288
', E'	2	1289
'g \n'	2	1290
': c'	2	1291
'k _'	2	1292
'v >'	2	1293
'x 0'	2	1294
'F F'	2	1295
'h _'	2	1296
'  ]'	2	1297
'e D'	2	1298
'x ='	2	1299
'\n t'	2	1300
') :'	2	1301
'< C'	2	1302
'I G'	2	1303
'G A'	2	1304
'p -'	2	1305
'( r'	2	1306
'} }'	2	1307
'2 )'	2	1308
'\n +'	2	1309
'\n @'	2	1310
'( e'	2	1311
'C _'	2	1312
'$ s'	2	1313
'] ;'	2	1314
'g -'	2	1315
's ;'	2	1316
'm d'	2	1317
'n ;'	2	1318
'< i'	2	1319
'm >'	2	1320
'l /'	2	1321
'p "'	2	1322
'$ t'	2	1323
'l n'	2	1324
'A I'	2	1325
'_ h'	2	1326
'a >'	2	1327
'g ('	2	1328
'x .'	2	1329
'F A'	2	1330
'O C'	2	1331
'\n u'	2	1332
'S A'	2	1333
'b t'	2	1334
'( P'	2	1335
'  q'	2	1336
'M I'	2	1337
'g ,'	2	1338
'y m'	2	1339
'\t {'	2	1340
'N _'	2	1341
'" 2'	2	1342
'\n C'	2	1343
'\\ "'	2	1344
'( m'	2	1345
's f'	2	1346
'1 -'	2	1347
'  K'	2	1348
': a'	2	1349
'C r'	2	1350
'  7'	2	1351
'f y'	2	1352
'l )'	2	1353
'< T'	2	1354
"' t"	2	1355
't F'	2	1356
'a "'	2	1357
'_ E'	2	1358
'\t 1'	2	1359
'L U'	2	1360
'C C'	2	1361
'm :'	2	1362
'" P'	2	1363
't 1'	2	1364
'1 ;'	2	1365
'm -'	2	1366
'/ e'	2	1367
'L D'	2	1368
'x -'	2	1369
'\x15'	1	1370
'\x13'	1	1371
'O D'	2	1372
'_ R'	2	1373
'h .'	2	1374
'  Y'	2	1375
'\x16'	1	1376
'. D'	2	1377
'} )'	2	1378
'A u'	2	1379
'G _'	2	1380
'B ,'	2	1381
'\x12'	1	1382
'\x17'	1	1383
'- 3'	2	1384
'5 \n'	2	1385
'E ,'	2	1386
'S C'	2	1387
'\n %'	2	1388
'x a'	2	1389
'k .'	2	1390
'O u'	2	1391
'\x11'	1	1392
'\x14'	1	1393
'o \n'	2	1394
'\t m'	2	1395
'A U'	2	1396
'c :'	2	1397
'U N'	2	1398
't N'	2	1399
'# :'	2	1400
'A E'	2	1401
'= \n'	2	1402
') "'	2	1403
'" e'	2	1404
'x _'	2	1405
'_ H'	2	1406
'm )'	2	1407
'i .'	2	1408
'( \n'	2	1409
'c y'	2	1410
'\x18'	1	1411
'\x1a'	1	1412
"' '"	2	1413
'P I'	2	1414
"' ;"	2	1415
'< b'	2	1416
'E v'	2	1417
'< c'	2	1418
'\x1b'	1	1419
'\x10'	1	1420
'O  '	2	1421
'\x19'	1	1422
'\x0f'	1	1423
'" N'	2	1424
'_ g'	2	1425
'3 \n'	2	1426
'" u'	2	1427
"= '"	2	1428
'\n S'	2	1429
'/ f'	2	1430
'r ='	2	1431
'N Y'	2	1432
'l b'	2	1433
'8 "'	2	1434
'  J'	2	1435
'< h'	2	1436
'a _'	2	1437
'D O'	2	1438
'o -'	2	1439
'h ='	2	1440
'O f'	2	1441
'E M'	2	1442
'[ ]'	2	1443
'  ;'	2	1444
'e F'	2	1445
't A'	2	1446
'A t'	2	1447
'c d'	2	1448
'p \n'	2	1449
'W e'	2	1450
'm n'	2	1451
'm "'	2	1452
'h -'	2	1453
'\n 1'	2	1454
'_ N'	2	1455
'2 -'	2	1456
'[ 0'	2	1457
'0 ]'	2	1458
"' ]"	2	1459
'\x0e'	1	1460
'C R'	2	1461
'D ,'	2	1462
'/ 1'	2	1463
'k -'	2	1464
'" M'	2	1465
'a ,'	2	1466
'> ;'	2	1467
'\x1c'	1	1468
'M _'	2	1469
'i k'	2	1470
'i >'	2	1471
'h ('	2	1472
'/ 2'	2	1473
'/ n'	2	1474
'e }'	2	1475
'U E'	2	1476
'" g'	2	1477
'c \n'	2	1478
'( v'	2	1479
't M'	2	1480
't <'	2	1481
'c -'	2	1482
'3 "'	2	1483
'd C'	2	1484
"[ '"	2	1485
'r S'	2	1486
'Y o'	2	1487
'0 p'	2	1488
'. A'	2	1489
'g )'	2	1490
'b _'	2	1491
'. R'	2	1492
'( S'	2	1493
'_ w'	2	1494
': ='	2	1495
'_ B'	2	1496
'M  '	2	1497
't E'	2	1498
'c )'	2	1499
'/ D'	2	1500
'`  '	2	1501
'R u'	2	1502
'T S'	2	1503
'  9'	2	1504
'4 -'	2	1505
'e M'	2	1506
'O L'	2	1507
'" T'	2	1508
'\t $'	2	1509
'\x1d'	1	1510
'F l'	2	1511
'e E'	2	1512
'd ;'	2	1513
'z a'	2	1514
't x'	2	1515
'u x'	2	1516
'O O'	2	1517
'\t e'	2	1518
'- h'	2	1519
'  X'	2	1520
'B i'	2	1521
'` `'	2	1522
'P _'	2	1523
'd F'	2	1524
'\x1e'	1	1525
'K E'	2	1526
'N F'	2	1527
'C u'	2	1528
'a /'	2	1529
'\x1f'	1	1530
'r b'	2	1531
'x x'	2	1532
'M S'	2	1533
'h \n'	2	1534
'C U'	2	1535
'\n L'	2	1536
'B E'	2	1537
'V A'	2	1538
'6 \n'	2	1539
'+ 0'	2	1540
'\n a'	2	1541
'S "'	2	1542
'P T'	2	1543
'\t l'	2	1544
'. v'	2	1545
'f -'	2	1546
'F u'	2	1547
'l ;'	2	1548
'I f'	2	1549
'n m'	2	1550
'/ k'	2	1551
'e N'	2	1552
'& &'	2	1553
'M L'	2	1554
't R'	2	1555
'n T'	2	1556
'3 -'	2	1557
'G S'	2	1558
'd m'	2	1559
'- 9'	2	1560
'p ('	2	1561
'e u'	2	1562
'a \n'	2	1563
'" #'	2	1564
'< <'	2	1565
'n S'	2	1566
'I F'	2	1567
'T T'	2	1568
'* )'	2	1569
'C F'	2	1570
'} .'	2	1571
'R a'	2	1572
'8 \n'	2	1573
'" L'	2	1574
'< ?'	2	1575
'0 :'	2	1576
'u 0'	2	1577
'!  '	2	1578
't n'	2	1579
'H T'	2	1580
'e L'	2	1581
'. x'	2	1582
'p c'	2	1583
'm ,'	2	1584
'S P'	2	1585
't B'	2	1586
'y G'	2	1587
'. T'	2	1588
'4 "'	2	1589
'( ('	2	1590
'( l'	2	1591
'  ?'	2	1592
'" ]'	2	1593
'\t f'	2	1594
'd c'	2	1595
'e O'	2	1596
'- g'	2	1597
'y -'	2	1598
'" o'	2	1599
'S H'	2	1600
'D B'	2	1601
'\n \\'	2	1602
'1 ]'	2	1603
'_ 1'	2	1604
'! ='	2	1605
'[  '	2	1606
'\t t'	2	1607
'y )'	2	1608
'L T'	2	1609
's <'	2	1610
'e 2'	2	1611
'N u'	2	1612
'f n'	2	1613
'" \r'	2	1614
'k \n'	2	1615
'< m'	2	1616
': i'	2	1617
'r 1'	2	1618
'e B'	2	1619
'E G'	2	1620
'n C'	2	1621
'x ,'	2	1622
'\n l'	2	1623
'\n ('	2	1624
'B l'	2	1625
'p k'	2	1626
'S U'	2	1627
'2 _'	2	1628
'z i'	2	1629
'r T'	2	1630
'l c'	2	1631
'_  '	2	1632
'a a'	2	1633
's \\'	2	1634
'j o'	2	1635
'\t "'	2	1636
't k'	2	1637
'\t .'	2	1638
'B e'	2	1639
'= 1'	2	1640
'{ i'	2	1641
'O n'	2	1642
'K A'	2	1643
'W a'	2	1644
'5 -'	2	1645
'? >'	2	1646
'F L'	2	1647
'I P'	2	1648
'\n v'	2	1649
'O A'	2	1650
'" v'	2	1651
'_ V'	2	1652
'r C'	2	1653
'm \n'	2	1654
'E P'	2	1655
'g ='	2	1656
'l S'	2	1657
'\t 0'	2	1658
'P e'	2	1659
'  ,'	2	1660
'E l'	2	1661
"' $"	2	1662
'6 -'	2	1663
'A K'	2	1664
', -'	2	1665
'T ,'	2	1666
'{ }'	2	1667
'1 _'	2	1668
', ['	2	1669
'D D'	2	1670
'P P'	2	1671
'\n I'	2	1672
'% s'	2	1673
'/ v'	2	1674
'$ c'	2	1675
'Q u'	2	1676
'- 7'	2	1677
") '"	2	1678
't V'	2	1679
'\t \n'	2	1680
'H o'	2	1681
'\t b'	2	1682
'h )'	2	1683
'" I'	2	1684
'g m'	2	1685
'/ j'	2	1686
'E B'	2	1687
"r '"	2	1688
'< %'	2	1689
'P B'	2	1690
'M O'	2	1691
'{ "'	2	1692
'd f'	2	1693
'% >'	2	1694
'/ A'	2	1695
'o e'	2	1696
'l v'	2	1697
'< I'	2	1698
'L S'	2	1699
': t'	2	1700
'@ p'	2	1701
'?  '	2	1702
'. I'	2	1703
': e'	2	1704
"d '"	2	1705
'[ 1'	2	1706
'\t a'	2	1707
'E -'	2	1708
'# e'	2	1709
'\n T'	2	1710
'5 "'	2	1711
'd T'	2	1712
'( b'	2	1713
'x 1'	2	1714
'U p'	2	1715
', G'	2	1716
'ð'	1	1717
'_ O'	2	1718
'| |'	2	1719
'x :'	2	1720
'( o'	2	1721
's q'	2	1722
'f ,'	2	1723
'O r'	2	1724
'\t N'	2	1725
'\t d'	2	1726
'. L'	2	1727
'{ {'	2	1728
'1 :'	2	1729
'B C'	2	1730
'b b'	2	1731
'T F'	2	1732
'B y'	2	1733
'k ('	2	1734
'V C'	2	1735
'x )'	2	1736
'" \\'	2	1737
'i 3'	2	1738
'\\ \\'	2	1739
'w ('	2	1740
'L ,'	2	1741
'o :'	2	1742
'B X'	2	1743
'[ -'	2	1744
'C S'	2	1745
'G  '	2	1746
'o "'	2	1747
'" D'	2	1748
'a :'	2	1749
'e |'	2	1750
'< k'	2	1751
'- v'	2	1752
'\x0c'	1	1753
'> {'	2	1754
'" -'	2	1755
'f _'	2	1756
'n 3'	2	1757
'E .'	2	1758
't L'	2	1759
's v'	2	1760
'S D'	2	1761
'N I'	2	1762
's n'	2	1763
'S a'	2	1764
'F B'	2	1765
'( 2'	2	1766
'  Q'	2	1767
'\n $'	2	1768
'x /'	2	1769
', c'	2	1770
': S'	2	1771
'R M'	2	1772
'w _'	2	1773
'b c'	2	1774
'! -'	2	1775
'd S'	2	1776
'e V'	2	1777
'_ U'	2	1778
') \\'	2	1779
'~ ~'	2	1780
"' c"	2	1781
'E E'	2	1782
') /'	2	1783
'" {'	2	1784
'" V'	2	1785
'b /'	2	1786
': n'	2	1787
'" R'	2	1788
'. P'	2	1789
'F -'	2	1790
'x "'	2	1791
"' a"	2	1792
'p ;'	2	1793
'\n A'	2	1794
'i u'	2	1795
'h ,'	2	1796
'c ,'	2	1797
'P  '	2	1798
'/ S'	2	1799
'n F'	2	1800
'e ]'	2	1801
'T D'	2	1802
'i -'	2	1803
'2 D'	2	1804
', 5'	2	1805
'l C'	2	1806
'W r'	2	1807
'" 3'	2	1808
'9 \n'	2	1809
'  z'	2	1810
'p ,'	2	1811
'j u'	2	1812
'7 \n'	2	1813
'x 8'	2	1814
'B O'	2	1815
'\n 2'	2	1816
'R D'	2	1817
'R Y'	2	1818
'g p'	2	1819
'4 /'	2	1820
'[ \n'	2	1821
'g |'	2	1822
'R P'	2	1823
'= 0'	2	1824
'\n E'	2	1825
'] ]'	2	1826
'R L'	2	1827
'6 "'	2	1828
'n b'	2	1829
'r I'	2	1830
'p m'	2	1831
'( h'	2	1832
'$ p'	2	1833
'r R'	2	1834
'ð ð'	2	1835
'/ T'	2	1836
'1 /'	2	1837
'} \r'	2	1838
'\\ .'	2	1839
'C M'	2	1840
'S ,'	2	1841
'd P'	2	1842
'm ;'	2	1843
'm t'	2	1844
'X X'	2	1845
'r <'	2	1846
'T C'	2	1847
'n \\'	2	1848
'[ i'	2	1849
'. <'	2	1850
': p'	2	1851
'D r'	2	1852
'm ('	2	1853
'p n'	2	1854
'Y P'	2	1855
'H i'	2	1856
': 2'	2	1857
'[ "'	2	1858
'U A'	2	1859
'{ \r'	2	1860
'A Q'	2	1861
'E V'	2	1862
'0 %'	2	1863
'p /'	2	1864
'n P'	2	1865
'8 -'	2	1866
'x \n'	2	1867
'k "'	2	1868
'i _'	2	1869
'( ['	2	1870
'G I'	2	1871
'B S'	2	1872
'\n P'	2	1873
'z o'	2	1874
') \r'	2	1875
'C I'	2	1876
'$ f'	2	1877
'@  '	2	1878
'H I'	2	1879
'\n 0'	2	1880
'A _'	2	1881
'\n n'	2	1882
'C D'	2	1883
'" w'	2	1884
'x 2'	2	1885
'B r'	2	1886
'; A'	2	1887
'9 -'	2	1888
'2 :'	2	1889
'a )'	2	1890
'" F'	2	1891
'D T'	2	1892
'r F'	2	1893
'а'	1	1894
'U D'	2	1895
'. F'	2	1896
'( M'	2	1897
'e \\'	2	1898
'V I'	2	1899
'T M'	2	1900
'G l'	2	1901
'd n'	2	1902
'  ~'	2	1903
'F T'	2	1904
'\n r'	2	1905
'q l'	2	1906
'R U'	2	1907
': f'	2	1908
'F R'	2	1909
", '"	2	1910
'f d'	2	1911
'i /'	2	1912
', I'	2	1913
'> t'	2	1914
'd k'	2	1915
'" U'	2	1916
'" E'	2	1917
't 3'	2	1918
'< R'	2	1919
'r P'	2	1920
'- 5'	2	1921
'p )'	2	1922
'0 \\'	2	1923
'_ G'	2	1924
'E \n'	2	1925
'G L'	2	1926
'm g'	2	1927
'Q A'	2	1928
'e h'	2	1929
'X T'	2	1930
'y C'	2	1931
'I s'	2	1932
'. B'	2	1933
'Q U'	2	1934
'. M'	2	1935
'O _'	2	1936
'X _'	2	1937
'C )'	2	1938
'x y'	2	1939
'D C'	2	1940
't 2'	2	1941
'a ('	2	1942
'( u'	2	1943
'> C'	2	1944
'3 )'	2	1945
', 6'	2	1946
'- u'	2	1947
'W h'	2	1948
't G'	2	1949
'K _'	2	1950
'b m'	2	1951
'c "'	2	1952
'\n D'	2	1953
'D S'	2	1954
'k ;'	2	1955
'( I'	2	1956
"' ."	2	1957
'+ ='	2	1958
'Y E'	2	1959
'\n b'	2	1960
'M u'	2	1961
'4 )'	2	1962
'X  '	2	1963
'" B'	2	1964
': r'	2	1965
'. N'	2	1966
'T N'	2	1967
'h y'	2	1968
'h s'	2	1969
'( _'	2	1970
': d'	2	1971
'0 <'	2	1972
'd A'	2	1973
'g c'	2	1974
'X P'	2	1975
'c ='	2	1976
'< r'	2	1977
'\t v'	2	1978
'. E'	2	1979
'r V'	2	1980
'7 -'	2	1981
'U B'	2	1982
': 3'	2	1983
'v .'	2	1984
'R G'	2	1985
'( A'	2	1986
'q  '	2	1987
'A V'	2	1988
'l I'	2	1989
'C e'	2	1990
'| A'	2	1991
'" 4'	2	1992
'e {'	2	1993
'/ L'	2	1994
'r \\'	2	1995
'c f'	2	1996
's b'	2	1997
'@ \n'	2	1998
'\x0b'	1	1999
'A ;'	2	2000
'c ('	2	2001
'A 1'	2	2002
'Y ,'	2	2003
'> >'	2	2004
'W o'	2	2005
'O W'	2	2006
'C 0'	2	2007
'g T'	2	2008
'\t #'	2	2009
't O'	2	2010
's C'	2	2011
'[ ['	2	2012
'Y _'	2	2013
'b d'	2	2014
', 7'	2	2015
'_ 0'	2	2016
'5 )'	2	2017
's P'	2	2018
'@ i'	2	2019
': m'	2	2020
'/ F'	2	2021
'- D'	2	2022
'| \n'	2	2023
'h l'	2	2024
'X M'	2	2025
'x 6'	2	2026
'n <'	2	2027
't ]'	2	2028
'n D'	2	2029
'/ I'	2	2030
'> T'	2	2031
'l k'	2	2032
'u o'	2	2033
'> S'	2	2034
'{ $'	2	2035
'_ W'	2	2036
'$ i'	2	2037
'D F'	2	2038
'v 1'	2	2039
'f )'	2	2040
'о'	1	2041
'" }'	2	2042
'w 3'	2	2043
'( *'	2	2044
'd I'	2	2045
'd p'	2	2046
'l 1'	2	2047
'B B'	2	2048
's S'	2	2049
'( T'	2	2050
'} /'	2	2051
'o y'	2	2052
'P S'	2	2053
'\n ['	2	2054
'k u'	2	2055
'  \r'	2	2056
'2 ;'	2	2057
'] .'	2	2058
'E d'	2	2059
't b'	2	2060
'\n ='	2	2061
'n I'	2	2062
'" <'	2	2063
'S \n'	2	2064
'- T'	2	2065
'A Y'	2	2066
'\\ x'	2	2067
') ]'	2	2068
'f c'	2	2069
'v g'	2	2070
'X B'	2	2071
'm c'	2	2072
'y S'	2	2073
'M M'	2	2074
'$ r'	2	2075
'- B'	2	2076
'r D'	2	2077
'B R'	2	2078
"' :"	2	2079
'( x'	2	2080
'\t 2'	2	2081
'# .'	2	2082
'P i'	2	2083
'/ O'	2	2084
'\' "'	2	2085
'u .'	2	2086
'G P'	2	2087
'" %'	2	2088
'b -'	2	2089
'E m'	2	2090
'> A'	2	2091
'0 /'	2	2092
"l '"	2	2093
'$ d'	2	2094
'- 6'	2	2095
'D R'	2	2096
'} <'	2	2097
'E )'	2	2098
'd E'	2	2099
'2 ]'	2	2100
'n M'	2	2101
'l g'	2	2102
'> "'	2	2103
'( N'	2	2104
'G a'	2	2105
'0 C'	2	2106
'( w'	2	2107
'< S'	2	2108
'T \n'	2	2109
't }'	2	2110
'S )'	2	2111
'* >'	2	2112
'i \n'	2	2113
'е'	1	2114
'U P'	2	2115
'; "'	2	2116
'\\ r'	2	2117
'< -'	2	2118
'o ,'	2	2119
'H  '	2	2120
'. _'	2	2121
"' d"	2	2122
'[ s'	2	2123
'@ s'	2	2124
'T P'	2	2125
'. *'	2	2126
'7 "'	2	2127
'" k'	2	2128
'g ;'	2	2129
'0 }'	2	2130
'> ('	2	2131
'w -'	2	2132
'v t'	2	2133
'F E'	2	2134
'" Y'	2	2135
'o /'	2	2136
', M'	2	2137
'r w'	2	2138
'S L'	2	2139
'm G'	2	2140
': b'	2	2141
'd x'	2	2142
'/ B'	2	2143
's T'	2	2144
', S'	2	2145
'e \t'	2	2146
'$ $'	2	2147
'/ M'	2	2148
'\\ t'	2	2149
'9 "'	2	2150
'/ ;'	2	2151
'k n'	2	2152
'r }'	2	2153
'o S'	2	2154
'f g'	2	2155
'> ='	2	2156
"' r"	2	2157
't \\'	2	2158
'n E'	2	2159
'> .'	2	2160
'M ,'	2	2161
'B  '	2	2162
': l'	2	2163
'N V'	2	2164
'% r'	2	2165
'A O'	2	2166
'R N'	2	2167
'B D'	2	2168
'( !'	2	2169
'y /'	2	2170
': v'	2	2171
', K'	2	2172
'r 2'	2	2173
'= $'	2	2174
'0 >'	2	2175
'< F'	2	2176
'k :'	2	2177
'g L'	2	2178
'% e'	2	2179
'e ['	2	2180
'k ,'	2	2181
'y ;'	2	2182
'w :'	2	2183
'm T'	2	2184
'1 A'	2	2185
'\n o'	2	2186
'и'	1	2187
'e 1'	2	2188
'" \''	2	2189
'- A'	2	2190
'S R'	2	2191
'1 B'	2	2192
'< D'	2	2193
'\t C'	2	2194
'M B'	2	2195
'1 C'	2	2196
'P C'	2	2197
'd 1'	2	2198
') {'	2	2199
'y b'	2	2200
'r N'	2	2201
'd L'	2	2202
'E Q'	2	2203
'/ E'	2	2204
'h m'	2	2205
'A 0'	2	2206
', 8'	2	2207
'H _'	2	2208
'E q'	2	2209
'> f'	2	2210
'y i'	2	2211
'f "'	2	2212
'" G'	2	2213
'g d'	2	2214
'J S'	2	2215
'w C'	2	2216
'( g'	2	2217
'A F'	2	2218
't ['	2	2219
'M D'	2	2220
'T L'	2	2221
'i q'	2	2222
': {'	2	2223
'$ a'	2	2224
'D L'	2	2225
'P Y'	2	2226
'. G'	2	2227
'c 2'	2	2228
'e k'	2	2229
'G R'	2	2230
'r B'	2	2231
't U'	2	2232
'> s'	2	2233
'" x'	2	2234
'n h'	2	2235
'p g'	2	2236
'+ \t'	2	2237
'的'	1	2238
', s'	2	2239
'| W'	2	2240
'S B'	2	2241
"' p"	2	2242
'T W'	2	2243
'T ('	2	2244
'. \r'	2	2245
'U M'	2	2246
'a z'	2	2247
'F e'	2	2248
'> p'	2	2249
'r A'	2	2250
'f m'	2	2251
'0 \t'	2	2252
'< A'	2	2253
'S M'	2	2254
'8 e'	2	2255
'v c'	2	2256
'/ R'	2	2257
'e 6'	2	2258
'> ,'	2	2259
'f ;'	2	2260
'p D'	2	2261
': 5'	2	2262
'l r'	2	2263
'o ('	2	2264
'] ['	2	2265
'G H'	2	2266
'O B'	2	2267
'v m'	2	2268
'\n M'	2	2269
'A g'	2	2270
'B F'	2	2271
'_ k'	2	2272
'k o'	2	2273
': C'	2	2274
'T U'	2	2275
'x ('	2	2276
'K I'	2	2277
'，'	1	2278
'/ $'	2	2279
'" 5'	2	2280
'G ,'	2	2281
'B _'	2	2282
'O G'	2	2283
'0 E'	2	2284
'l <'	2	2285
'c 1'	2	2286
'( L'	2	2287
'v -'	2	2288
', $'	2	2289
'C B'	2	2290
'd D'	2	2291
'G u'	2	2292
'f :'	2	2293
'? p'	2	2294
'$  '	2	2295
', O'	2	2296
'a e'	2	2297
'r 3'	2	2298
'\t %'	2	2299
'd v'	2	2300
': g'	2	2301
'4 :'	2	2302
': 4'	2	2303
'3 :'	2	2304
'] ('	2	2305
'g b'	2	2306
'I V'	2	2307
') |'	2	2308
'F _'	2	2309
'н'	1	2310
'l T'	2	2311
'" _'	2	2312
'v _'	2	2313
'w "'	2	2314
'2 /'	2	2315
's ]'	2	2316
'y w'	2	2317
'o z'	2	2318
's N'	2	2319
'i )'	2	2320
'/ 0'	2	2321
'h /'	2	2322
'R \n'	2	2323
'_ 2'	2	2324
'0 e'	2	2325
'> D'	2	2326
'x 4'	2	2327
'! !'	2	2328
'K i'	2	2329
'" ?'	2	2330
'1 p'	2	2331
'h x'	2	2332
'n R'	2	2333
'U t'	2	2334
'P H'	2	2335
'/ "'	2	2336
'k l'	2	2337
'U G'	2	2338
'C 1'	2	2339
'@ c'	2	2340
'i ,'	2	2341
's }'	2	2342
'0 B'	2	2343
'% ='	2	2344
'$ m'	2	2345
'e U'	2	2346
'E 0'	2	2347
', \r'	2	2348
'E ='	2	2349
'x >'	2	2350
'\\ s'	2	2351
'\\ M'	2	2352
'l m'	2	2353
'g S'	2	2354
'$ e'	2	2355
'b g'	2	2356
'/ U'	2	2357
'P h'	2	2358
'> c'	2	2359
's A'	2	2360
'G C'	2	2361
'T )'	2	2362
'( @'	2	2363
'4 B'	2	2364
't W'	2	2365
'. W'	2	2366
'n O'	2	2367
'J a'	2	2368
'a S'	2	2369
'\n R'	2	2370
'n B'	2	2371
'$ l'	2	2372
'b ,'	2	2373
'r M'	2	2374
'0 _'	2	2375
'< f'	2	2376
'O ,'	2	2377
"' f"	2	2378
': A'	2	2379
'g B'	2	2380
'd R'	2	2381
'- *'	2	2382
'i ]'	2	2383
'n r'	2	2384
'z  '	2	2385
'l \t'	2	2386
'R i'	2	2387
'D 0'	2	2388
'c x'	2	2389
"' m"	2	2390
'c 0'	2	2391
'2 >'	2	2392
'O V'	2	2393
', Q'	2	2394
'F C'	2	2395
'4 _'	2	2396
'т'	1	2397
'\n g'	2	2398
'Q L'	2	2399
'y a'	2	2400
'? x'	2	2401
'F D'	2	2402
'h b'	2	2403
'+ 1'	2	2404
'v 2'	2	2405
'" y'	2	2406
'b \n'	2	2407
'- .'	2	2408
'( &'	2	2409
'r 8'	2	2410
'b "'	2	2411
'} {'	2	2412
', a'	2	2413
's V'	2	2414
'b p'	2	2415
'G U'	2	2416
'{ \\'	2	2417
"' b"	2	2418
"0 '"	2	2419
'# 0'	2	2420
'| x'	2	2421
'y T'	2	2422
'b 2'	2	2423
'- C'	2	2424
'A X'	2	2425
'1 D'	2	2426
'. H'	2	2427
'* -'	2	2428
't H'	2	2429
'v b'	2	2430
'h S'	2	2431
'( U'	2	2432
'y N'	2	2433
'G o'	2	2434
'B g'	2	2435
'e W'	2	2436
'c b'	2	2437
'| $'	2	2438
'< O'	2	2439
'4 E'	2	2440
'M T'	2	2441
'\\ i'	2	2442
'd B'	2	2443
'E ('	2	2444
'I _'	2	2445
'v s'	2	2446
"y '"	2	2447
'0 F'	2	2448
'( :'	2	2449
'( D'	2	2450
'b f'	2	2451
'6 )'	2	2452
"' l"	2	2453
'{ c'	2	2454
'k /'	2	2455
': h'	2	2456
'c n'	2	2457
'I I'	2	2458
'` \n'	2	2459
'A b'	2	2460
'4 F'	2	2461
'\\ c'	2	2462
'3 D'	2	2463
') }'	2	2464
'# f'	2	2465
'e G'	2	2466
'0 A'	2	2467
'3 C'	2	2468
's L'	2	2469
'D 1'	2	2470
', 9'	2	2471
'D U'	2	2472
's I'	2	2473
'e H'	2	2474
's B'	2	2475
'( 3'	2	2476
'H R'	2	2477
'1 }'	2	2478
'( B'	2	2479
'N \n'	2	2480
'L )'	2	2481
': T'	2	2482
'w ,'	2	2483
'{ t'	2	2484
'U C'	2	2485
'1 \t'	2	2486
's D'	2	2487
"g '"	2	2488
'e +'	2	2489
"2 '"	2	2490
'r h'	2	2491
'h 2'	2	2492
'i :'	2	2493
'n L'	2	2494
'y I'	2	2495
"' i"	2	2496
'M C'	2	2497
'l A'	2	2498
'Y ;'	2	2499
'I ,'	2	2500
', %'	2	2501
'! \n'	2	2502
'K  '	2	2503
'F 0'	2	2504
'\\ b'	2	2505
'; s'	2	2506
'd 2'	2	2507
'e \r'	2	2508
'\t -'	2	2509
'd G'	2	2510
'& #'	2	2511
'$ o'	2	2512
'/ W'	2	2513
'< 0'	2	2514
') -'	2	2515
'k t'	2	2516
'\n B'	2	2517
'c ;'	2	2518
'\n F'	2	2519
'F 1'	2	2520
'k )'	2	2521
'W H'	2	2522
'é'	1	2523
'E 1'	2	2524
'> a'	2	2525
'W O'	2	2526
'@ a'	2	2527
'A -'	2	2528
's E'	2	2529
'< o'	2	2530
'- E'	2	2531
'C 9'	2	2532
'S Y'	2	2533
'r E'	2	2534
'( .'	2	2535
'D \n'	2	2536
'" W'	2	2537
'\t S'	2	2538
'b )'	2	2539
'p 1'	2	2540
'R )'	2	2541
"1 '"	2	2542
'[ 2'	2	2543
'b k'	2	2544
'+ \n'	2	2545
', i'	2	2546
'C 3'	2	2547
'$ b'	2	2548
'S Q'	2	2549
'y c'	2	2550
'c 3'	2	2551
'{ p'	2	2552
'\t A'	2	2553
'> &'	2	2554
'J o'	2	2555
'{ s'	2	2556
's R'	2	2557
'- I'	2	2558
': P'	2	2559
'( %'	2	2560
'g I'	2	2561
'3 /'	2	2562
': R'	2	2563
'm ='	2	2564
'8 B'	2	2565
'E Y'	2	2566
'h ;'	2	2567
'P D'	2	2568
'- x'	2	2569
'F S'	2	2570
'> g'	2	2571
'1 >'	2	2572
': o'	2	2573
'0 D'	2	2574
'@ t'	2	2575
's F'	2	2576
'\x82'	1	2577
'@ g'	2	2578
'i 1'	2	2579
'4 ]'	2	2580
'l B'	2	2581
'y P'	2	2582
'^ ^'	2	2583
's 2'	2	2584
'! E'	2	2585
'A W'	2	2586
'x T'	2	2587
'u 3'	2	2588
'x h'	2	2589
'I Z'	2	2590
'k b'	2	2591
'B 0'	2	2592
', U'	2	2593
'I X'	2	2594
'L C'	2	2595
'd M'	2	2596
'@ r'	2	2597
'k I'	2	2598
'\t g'	2	2599
'\\  '	2	2600
'< g'	2	2601
'р'	1	2602
'  Z'	2	2603
'd 3'	2	2604
'x f'	2	2605
'H t'	2	2606
'D 3'	2	2607
'b :'	2	2608
'm C'	2	2609
'O v'	2	2610
'q c'	2	2611
') ('	2	2612
'\t u'	2	2613
'n ]'	2	2614
'h 1'	2	2615
'\t o'	2	2616
'> 1'	2	2617
'n N'	2	2618
'< B'	2	2619
': I'	2	2620
'% ;'	2	2621
'B -'	2	2622
'Y S'	2	2623
'f p'	2	2624
'a 1'	2	2625
'" H'	2	2626
'p T'	2	2627
'y <'	2	2628
': u'	2	2629
'+ )'	2	2630
'1 F'	2	2631
'{ P'	2	2632
'8 )'	2	2633
'l M'	2	2634
'd O'	2	2635
'\n 3'	2	2636
'\n )'	2	2637
': #'	2	2638
'l P'	2	2639
': D'	2	2640
'Z E'	2	2641
'e 3'	2	2642
'B 1'	2	2643
', r'	2	2644
'8 :'	2	2645
"' D"	2	2646
'k d'	2	2647
'" O'	2	2648
'\t P'	2	2649
'S .'	2	2650
'D -'	2	2651
'# {'	2	2652
'5 p'	2	2653
'o B'	2	2654
"' /"	2	2655
'a h'	2	2656
'D V'	2	2657
'f 0'	2	2658
'r 0'	2	2659
'y g'	2	2660
'n A'	2	2661
'N N'	2	2662
'. )'	2	2663
'\\ p'	2	2664
'6 /'	2	2665
'S F'	2	2666
'3 B'	2	2667
'S ='	2	2668
'$ n'	2	2669
'l w'	2	2670
'\t n'	2	2671
', m'	2	2672
'. $'	2	2673
'3 d'	2	2674
'w \n'	2	2675
'{ %'	2	2676
'g y'	2	2677
'% }'	2	2678
'v 0'	2	2679
'm S'	2	2680
'_ \n'	2	2681
'f 1'	2	2682
'X C'	2	2683
'" j'	2	2684
'5 :'	2	2685
'u _'	2	2686
'_ )'	2	2687
'o C'	2	2688
'U ,'	2	2689
'd H'	2	2690
'2 C'	2	2691
'S V'	2	2692
'2 c'	2	2693
'N ,'	2	2694
'< v'	2	2695
'A \n'	2	2696
'r L'	2	2697
'. U'	2	2698
': w'	2	2699
'C 2'	2	2700
'1 e'	2	2701
'i "'	2	2702
'C 5'	2	2703
'; -'	2	2704
'4 ;'	2	2705
'% d'	2	2706
'E O'	2	2707
'2 B'	2	2708
', t'	2	2709
'K ,'	2	2710
'\xa0'	1	2711
'( R'	2	2712
'a T'	2	2713
'n }'	2	2714
'd <'	2	2715
'4 A'	2	2716
'6 _'	2	2717
'p S'	2	2718
'A 3'	2	2719
'0 f'	2	2720
"' e"	2	2721
'9 /'	2	2722
'd \t'	2	2723
'( -'	2	2724
'_ ('	2	2725
'C X'	2	2726
'\t E'	2	2727
'C G'	2	2728
'd ]'	2	2729
'F 4'	2	2730
'@ f'	2	2731
'< u'	2	2732
'" 6'	2	2733
"' n"	2	2734
': ['	2	2735
'g C'	2	2736
"' h"	2	2737
'9 E'	2	2738
't \t'	2	2739
'U r'	2	2740
'( F'	2	2741
'b >'	2	2742
'a 2'	2	2743
'= 2'	2	2744
'@ e'	2	2745
'A w'	2	2746
'k B'	2	2747
'h d'	2	2748
'k ='	2	2749
'( E'	2	2750
'l D'	2	2751
'\n h'	2	2752
'g <'	2	2753
'o )'	2	2754
'[ t'	2	2755
'= \\'	2	2756
'\t D'	2	2757
'6 :'	2	2758
'E "'	2	2759
'f x'	2	2760
'A 2'	2	2761
'd }'	2	2762
'2 d'	2	2763
'd \\'	2	2764
'# 1'	2	2765
'[ c'	2	2766
'g E'	2	2767
'm 4'	2	2768
'2 p'	2	2769
'3 _'	2	2770
'D M'	2	2771
'. k'	2	2772
'F 7'	2	2773
': \t'	2	2774
'3 ]'	2	2775
'r \t'	2	2776
'& n'	2	2777
'{ 0'	2	2778
'0 \r'	2	2779
'm x'	2	2780
'\\ l'	2	2781
'o ;'	2	2782
'd w'	2	2783
'0 d'	2	2784
'D "'	2	2785
'O c'	2	2786
'~  '	2	2787
'f 8'	2	2788
'2 F'	2	2789
', +'	2	2790
'( k'	2	2791
"' #"	2	2792
': ('	2	2793
". '"	2	2794
'g N'	2	2795
'\t R'	2	2796
'@ l'	2	2797
'e 0'	2	2798
"' S"	2	2799
'Y A'	2	2800
'\n !'	2	2801
'\ufeff'	1	2802
'X E'	2	2803
'r ]'	2	2804
'C 4'	2	2805
'p b'	2	2806
"' ="	2	2807
'v l'	2	2808
'A 4'	2	2809
'O K'	2	2810
'N )'	2	2811
'A 6'	2	2812
', .'	2	2813
'S k'	2	2814
'% \n'	2	2815
'b n'	2	2816
'i 8'	2	2817
'9 ]'	2	2818
', p'	2	2819
'j  '	2	2820
'C 7'	2	2821
'C -'	2	2822
'\x7f'	1	2823
': N'	2	2824
'> \\'	2	2825
'H P'	2	2826
'\\ e'	2	2827
'( {'	2	2828
"a '"	2	2829
't 6'	2	2830
'. V'	2	2831
'_ .'	2	2832
'( O'	2	2833
'a j'	2	2834
's M'	2	2835
', f'	2	2836
'B 8'	2	2837
'C p'	2	2838
'x 3'	2	2839
'\x83'	1	2840
'> P'	2	2841
'\t \\'	2	2842
'f 2'	2	2843
'S ;'	2	2844
'2 A'	2	2845
': M'	2	2846
'\n 6'	2	2847
"' }"	2	2848
'm k'	2	2849
'] +'	2	2850
'p F'	2	2851
'p C'	2	2852
'$ 1'	2	2853
"o '"	2	2854
'> 0'	2	2855
'2 ('	2	2856
'l F'	2	2857
'i B'	2	2858
'@ "'	2	2859
'm V'	2	2860
'M y'	2	2861
'h 3'	2	2862
'g P'	2	2863
'$ v'	2	2864
'с'	1	2865
'\\ d'	2	2866
'_ x'	2	2867
'F 8'	2	2868
'g M'	2	2869
'> d'	2	2870
'5 e'	2	2871
'. ,'	2	2872
'h n'	2	2873
'S l'	2	2874
'a ;'	2	2875
'. y'	2	2876
'[ a'	2	2877
'e `'	2	2878
'n V'	2	2879
'R /'	2	2880
'\t q'	2	2881
'W S'	2	2882
', n'	2	2883
'> F'	2	2884
'\t w'	2	2885
'w l'	2	2886
'- F'	2	2887
'c v'	2	2888
'\x80'	1	2889
's 1'	2	2890
'T :'	2	2891
'B Y'	2	2892
'L \n'	2	2893
'\x84'	1	2894
'{ f'	2	2895
'\x81'	1	2896
'n 1'	2	2897
'( 4'	2	2898
', ('	2	2899
'y F'	2	2900
'> I'	2	2901
'( G'	2	2902
'A f'	2	2903
"' 1"	2	2904
"' R"	2	2905
'E 2'	2	2906
'R ,'	2	2907
'r O'	2	2908
'P M'	2	2909
'I c'	2	2910
'X F'	2	2911
'F U'	2	2912
'd j'	2	2913
'/ _'	2	2914
'7 ;'	2	2915
'_ ,'	2	2916
'3 ;'	2	2917
'C ;'	2	2918
'S w'	2	2919
'x l'	2	2920
'< E'	2	2921
'/ -'	2	2922
'G O'	2	2923
'n {'	2	2924
'r ['	2	2925
'l 2'	2	2926
'. O'	2	2927
'! "'	2	2928
'B 2'	2	2929
'y D'	2	2930
'[ r'	2	2931
'h c'	2	2932
'E ;'	2	2933
'8 D'	2	2934
'k C'	2	2935
's O'	2	2936
'\x08'	1	2937
'a 0'	2	2938
'b S'	2	2939
'e z'	2	2940
'@ b'	2	2941
'k S'	2	2942
'B 9'	2	2943
'g f'	2	2944
'\t ('	2	2945
'n j'	2	2946
'_ K'	2	2947
'á'	1	2948
'G i'	2	2949
'4 C'	2	2950
'L P'	2	2951
'\\ $'	2	2952
'b 1'	2	2953
'\n G'	2	2954
'T >'	2	2955
'N "'	2	2956
'> :'	2	2957
'j "'	2	2958
'。'	1	2959
'\x8e'	1	2960
'Ä'	1	2961
'7 F'	2	2962
'W E'	2	2963
'< 1'	2	2964
'l h'	2	2965
'] }'	2	2966
'< w'	2	2967
'> i'	2	2968
'U \n'	2	2969
'\n N'	2	2970
'9 C'	2	2971
'\n W'	2	2972
'A 7'	2	2973
'R V'	2	2974
'B 4'	2	2975
'> b'	2	2976
'f b'	2	2977
'0 c'	2	2978
'g D'	2	2979
'r G'	2	2980
'B J'	2	2981
'd V'	2	2982
'o D'	2	2983
'T .'	2	2984
'9 B'	2	2985
'X ,'	2	2986
'p B'	2	2987
'2 }'	2	2988
'm B'	2	2989
'R }'	2	2990
'\x86'	1	2991
'B "'	2	2992
'\t @'	2	2993
'D ('	2	2994
'( V'	2	2995
't g'	2	2996
'p f'	2	2997
'p ='	2	2998
'£'	1	2999
'\x8f'	1	3000
'D u'	2	3001
't {'	2	3002
'< n'	2	3003
'L c'	2	3004
'4 D'	2	3005
"p '"	2	3006
'i i'	2	3007
'8 F'	2	3008
'\t 3'	2	3009
'X I'	2	3010
'y M'	2	3011
'> G'	2	3012
') <'	2	3013
't *'	2	3014
'x C'	2	3015
'B 6'	2	3016
'5 B'	2	3017
'V o'	2	3018
'A 8'	2	3019
'л'	1	3020
'" Q'	2	3021
'$ _'	2	3022
'p 2'	2	3023
'\x8c'	1	3024
'9 :'	2	3025
'` ,'	2	3026
'_ q'	2	3027
'R ('	2	3028
'0 a'	2	3029
'{ C'	2	3030
's \t'	2	3031
'7 :'	2	3032
'6 D'	2	3033
'] *'	2	3034
'\x85'	1	3035
"' C"	2	3036
'# -'	2	3037
'< ='	2	3038
'l L'	2	3039
't 4'	2	3040
'< e'	2	3041
'C 8'	2	3042
'9 A'	2	3043
', e'	2	3044
't K'	2	3045
'Ã'	1	3046
'w D'	2	3047
'@ m'	2	3048
'l \r'	2	3049
'@ d'	2	3050
': L'	2	3051
'4 <'	2	3052
'D 2'	2	3053
'F ,'	2	3054
'2 E'	2	3055
'Ç'	1	3056
'E 3'	2	3057
'\n `'	2	3058
'# x'	2	3059
'A 5'	2	3060
'= {'	2	3061
'b ('	2	3062
'Q t'	2	3063
'C 6'	2	3064
'B 3'	2	3065
'8 E'	2	3066
'\t ['	2	3067
'W _'	2	3068
'2 <'	2	3069
'p I'	2	3070
'# !'	2	3071
'E 8'	2	3072
'É'	1	3073
'3 A'	2	3074
'в'	1	3075
'\x92'	1	3076
', W'	2	3077
'< M'	2	3078
'8 C'	2	3079
'z -'	2	3080
'E :'	2	3081
'" 7'	2	3082
'{ b'	2	3083
'K :'	2	3084
'D 7'	2	3085
'd 0'	2	3086
'\t ='	2	3087
"' A"	2	3088
': F'	2	3089
'\x88'	1	3090
'5 ;'	2	3091
'_ ;'	2	3092
'b 3'	2	3093
': B'	2	3094
'\t _'	2	3095
'D ='	2	3096
'l O'	2	3097
'D )'	2	3098
'8 /'	2	3099
'v "'	2	3100
'\x87'	1	3101
'; &'	2	3102
'p M'	2	3103
'S G'	2	3104
'6 B'	2	3105
'd {'	2	3106
'P t'	2	3107
'< U'	2	3108
'? \n'	2	3109
"' u"	2	3110
'* .'	2	3111
'- S'	2	3112
'6 ]'	2	3113
'm 1'	2	3114
'3 E'	2	3115
'2 e'	2	3116
'J s'	2	3117
'È'	1	3118
'n w'	2	3119
'5 ]'	2	3120
'B 5'	2	3121
'Æ'	1	3122
'# c'	2	3123
'A m'	2	3124
'd N'	2	3125
'7 f'	2	3126
'F 2'	2	3127
'\t T'	2	3128
'Å'	1	3129
'8 A'	2	3130
'E }'	2	3131
'v )'	2	3132
'G T'	2	3133
'\x8a'	1	3134
'Ê'	1	3135
'»'	1	3136
'r *'	2	3137
'_ 3'	2	3138
'C f'	2	3139
'Y R'	2	3140
'y L'	2	3141
'w L'	2	3142
'! ('	2	3143
'N L'	2	3144
'\x8d'	1	3145
'! i'	2	3146
': 6'	2	3147
'\n w'	2	3148
'F 5'	2	3149
'c C'	2	3150
'm P'	2	3151
'\x90'	1	3152
'\x89'	1	3153
'\x91'	1	3154
'E 9'	2	3155
'l R'	2	3156
'6 C'	2	3157
"m '"	2	3158
'N P'	2	3159
'w d'	2	3160
'f 3'	2	3161
'\t 4'	2	3162
'= n'	2	3163
'x o'	2	3164
'E a'	2	3165
'& g'	2	3166
'4 e'	2	3167
'D 4'	2	3168
'w p'	2	3169
'7 )'	2	3170
'M U'	2	3171
': \\'	2	3172
'k T'	2	3173
'A 9'	2	3174
'C \n'	2	3175
't v'	2	3176
'm f'	2	3177
'S K'	2	3178
'h B'	2	3179
'w B'	2	3180
'l E'	2	3181
'h C'	2	3182
'{ d'	2	3183
'> M'	2	3184
'% t'	2	3185
'T "'	2	3186
'= h'	2	3187
'" 8'	2	3188
'/ X'	2	3189
'E 5'	2	3190
'E 4'	2	3191
'{ F'	2	3192
'w M'	2	3193
'к'	1	3194
'D 5'	2	3195
'u -'	2	3196
'y B'	2	3197
'z z'	2	3198
'©'	1	3199
'M s'	2	3200
'\x8b'	1	3201
'= t'	2	3202
'D K'	2	3203
'7 A'	2	3204
'( 5'	2	3205
'k P'	2	3206
'\x93'	1	3207
'L j'	2	3208
'% 1'	2	3209
'¤'	1	3210
'U F'	2	3211
'c \\'	2	3212
'o h'	2	3213
'8 _'	2	3214
'> n'	2	3215
'1 E'	2	3216
'm D'	2	3217
'; \t'	2	3218
'L ('	2	3219
', d'	2	3220
'\t I'	2	3221
'O I'	2	3222
'e 4'	2	3223
'- #'	2	3224
'F 3'	2	3225
'5 C'	2	3226
'9 D'	2	3227
'\n 4'	2	3228
'3 F'	2	3229
'R W'	2	3230
'* ,'	2	3231
'{ 1'	2	3232
'l V'	2	3233
'{ r'	2	3234
'P ,'	2	3235
'S :'	2	3236
'* s'	2	3237
'B 7'	2	3238
'* p'	2	3239
'V B'	2	3240
'3 e'	2	3241
'/ \r'	2	3242
'm N'	2	3243
'ا'	1	3244
"' T"	2	3245
'n \r'	2	3246
'k m'	2	3247
'5 D'	2	3248
'm 2'	2	3249
'M .'	2	3250
'S W'	2	3251
'7 B'	2	3252
'- M'	2	3253
'a A'	2	3254
'2 \t'	2	3255
'P y'	2	3256
'% 2'	2	3257
'T ='	2	3258
'\t M'	2	3259
'1 c'	2	3260
'j p'	2	3261
'd W'	2	3262
'6 A'	2	3263
': G'	2	3264
'Á'	1	3265
'7 C'	2	3266
'í'	1	3267
'S N'	2	3268
'[ p'	2	3269
'Y ('	2	3270
'O "'	2	3271
'p P'	2	3272
'J E'	2	3273
'm I'	2	3274
'" X'	2	3275
'; <'	2	3276
'{ D'	2	3277
'\x96'	1	3278
'D .'	2	3279
'Y T'	2	3280
'm F'	2	3281
'P N'	2	3282
'v p'	2	3283
'g ]'	2	3284
'R K'	2	3285
'7 D'	2	3286
'¡'	1	3287
'\n O'	2	3288
'9 F'	2	3289
'1 <'	2	3290
'W N'	2	3291
'[ $'	2	3292
'" @'	2	3293
'S ('	2	3294
'{ v'	2	3295
"' o"	2	3296
'v ,'	2	3297
'> 2'	2	3298
'\t h'	2	3299
'A .'	2	3300
'o P'	2	3301
'E 6'	2	3302
'V M'	2	3303
'Â'	1	3304
'ª'	1	3305
"h '"	2	3306
'6 ;'	2	3307
'b 0'	2	3308
'5 F'	2	3309
'k V'	2	3310
'j i'	2	3311
'z "'	2	3312
'< &'	2	3313
"' v"	2	3314
't \r'	2	3315
'; E'	2	3316
'\x95'	1	3317
'5 A'	2	3318
'J u'	2	3319
'/ !'	2	3320
'Ì'	1	3321
'6 E'	2	3322
'e *'	2	3323
'1 b'	2	3324
'9 )'	2	3325
'[ 3'	2	3326
"' 0"	2	3327
'% "'	2	3328
'Ë'	1	3329
'> N'	2	3330
'5 /'	2	3331
', A'	2	3332
'u k'	2	3333
'[ :'	2	3334
'x O'	2	3335
'L "'	2	3336
'a ['	2	3337
'/ N'	2	3338
'5 E'	2	3339
'1 \\'	2	3340
': x'	2	3341
'i 6'	2	3342
'  ^'	2	3343
'\\ S'	2	3344
'i ='	2	3345
'4 p'	2	3346
'y O'	2	3347
'T u'	2	3348
'y V'	2	3349
'[ S'	2	3350
'E 7'	2	3351
'q t'	2	3352
'G F'	2	3353
'a P'	2	3354
'# 3'	2	3355
'\x94'	1	3356
'D 6'	2	3357
'm r'	2	3358
'H \n'	2	3359
'& l'	2	3360
'n 2'	2	3361
"\n '"	2	3362
', g'	2	3363
'i j'	2	3364
'n W'	2	3365
'/ G'	2	3366
'> r'	2	3367
'w t'	2	3368
'! D'	2	3369
'n ['	2	3370
'c A'	2	3371
's \r'	2	3372
'/ )'	2	3373
'À'	1	3374
'g 1'	2	3375
'w )'	2	3376
'/ H'	2	3377
'> $'	2	3378
'v 4'	2	3379
'7 E'	2	3380
"{ '"	2	3381
'b \\'	2	3382
'{ S'	2	3383
'D :'	2	3384
'> U'	2	3385
"' \\"	2	3386
'x F'	2	3387
'; }'	2	3388
'8 \\'	2	3389
'} ]'	2	3390
"# '"	2	3391
'\\ -'	2	3392
'3 c'	2	3393
'n U'	2	3394
'> R'	2	3395
'd 6'	2	3396
'\n :'	2	3397
'y z'	2	3398
'Í'	1	3399
'\x97'	1	3400
'1 ('	2	3401
'G B'	2	3402
'k M'	2	3403
'q _'	2	3404
', N'	2	3405
'y E'	2	3406
'+ -'	2	3407
'8 ]'	2	3408
'\x07'	1	3409
'\x99'	1	3410
'ó'	1	3411
'F 9'	2	3412
'g A'	2	3413
': 8'	2	3414
'N M'	2	3415
'j n'	2	3416
'D 9'	2	3417
'a C'	2	3418
'\\ C'	2	3419
's {'	2	3420
'y A'	2	3421
'¿'	1	3422
'\n H'	2	3423
'- L'	2	3424
'4 f'	2	3425
'R ='	2	3426
'{ m'	2	3427
'p 0'	2	3428
'j .'	2	3429
'} \\'	2	3430
"\t '"	2	3431
'V R'	2	3432
'w ='	2	3433
'\x98'	1	3434
'L /'	2	3435
'e j'	2	3436
'[ d'	2	3437
'±'	1	3438
'\x9a'	1	3439
'6 F'	2	3440
'r {'	2	3441
"c '"	2	3442
'] :'	2	3443
'F \n'	2	3444
'i +'	2	3445
'> v'	2	3446
'a o'	2	3447
'D P'	2	3448
'] "'	2	3449
') *'	2	3450
'\r \r'	2	3451
'V S'	2	3452
'X R'	2	3453
'C /'	2	3454
'( #'	2	3455
'¦'	1	3456
'2 f'	2	3457
'\t 5'	2	3458
'; f'	2	3459
'" ('	2	3460
'Q ,'	2	3461
'C V'	2	3462
'# s'	2	3463
'¥'	1	3464
'¢'	1	3465
'0 b'	2	3466
'- /'	2	3467
'\\ _'	2	3468
'* "'	2	3469
'- k'	2	3470
'# "'	2	3471
'F 6'	2	3472
'·'	1	3473
'w c'	2	3474
'n x'	2	3475
'g F'	2	3476
'h h'	2	3477
'= 3'	2	3478
'V _'	2	3479
'y 1'	2	3480
'{ -'	2	3481
': -'	2	3482
'_ 6'	2	3483
'{ a'	2	3484
'Y D'	2	3485
'N K'	2	3486
'y ['	2	3487
'_ j'	2	3488
'W  '	2	3489
': <'	2	3490
'y R'	2	3491
'L .'	2	3492
'1 \r'	2	3493
'P F'	2	3494
'n z'	2	3495
'w S'	2	3496
'5 c'	2	3497
'w I'	2	3498
'«'	1	3499
'\t G'	2	3500
'Y I'	2	3501
'h T'	2	3502
'R 0'	2	3503
', Y'	2	3504
'a ='	2	3505
'h F'	2	3506
'v r'	2	3507
'\n 5'	2	3508
'[ A'	2	3509
'> )'	2	3510
'Q Q'	2	3511
'j c'	2	3512
'a \t'	2	3513
": '"	2	3514
'B Q'	2	3515
'r q'	2	3516
'E I'	2	3517
'Î'	1	3518
'p j'	2	3519
'& s'	2	3520
'> m'	2	3521
'l N'	2	3522
'\\ +'	2	3523
'; b'	2	3524
'H u'	2	3525
'4 c'	2	3526
'D 8'	2	3527
'; \\'	2	3528
'L R'	2	3529
'¾'	1	3530
'$ h'	2	3531
'y d'	2	3532
'd 5'	2	3533
'v /'	2	3534
'_ Q'	2	3535
'- W'	2	3536
'# u'	2	3537
'T 1'	2	3538
'\\ D'	2	3539
'c g'	2	3540
'b v'	2	3541
', \t'	2	3542
'½'	1	3543
'L ;'	2	3544
'( \\'	2	3545
'l }'	2	3546
'µ'	1	3547
'N i'	2	3548
"4 '"	2	3549
'. q'	2	3550
'\x9b'	1	3551
'8 ;'	2	3552
'o F'	2	3553
"> '"	2	3554
'x d'	2	3555
'o T'	2	3556
'a 3'	2	3557
'E W'	2	3558
's 3'	2	3559
'\n U'	2	3560
't &'	2	3561
'n G'	2	3562
'- N'	2	3563
'1 f'	2	3564
'\x9c'	1	3565
'c 4'	2	3566
'I .'	2	3567
'r 4'	2	3568
's x'	2	3569
'$ P'	2	3570
'U .'	2	3571
'P ('	2	3572
'I K'	2	3573
'\x9d'	1	3574
', b'	2	3575
'z y'	2	3576
'k p'	2	3577
') \t'	2	3578
'³'	1	3579
'= c'	2	3580
': E'	2	3581
'\x9e'	1	3582
', T'	2	3583
'n \t'	2	3584
'\x9f'	1	3585
'\t 6'	2	3586
'v d'	2	3587
'¼'	1	3588
'B M'	2	3589
'< L'	2	3590
'd U'	2	3591
'= 4'	2	3592
'g v'	2	3593
'L :'	2	3594
'$ \n'	2	3595
'. X'	2	3596
'G M'	2	3597
'1 U'	2	3598
'x }'	2	3599
'> W'	2	3600
'J ,'	2	3601
'2 \r'	2	3602
'д'	1	3603
'A "'	2	3604
'< N'	2	3605
't z'	2	3606
'o E'	2	3607
'2 \\'	2	3608
', o'	2	3609
'¶'	1	3610
'D N'	2	3611
'" 9'	2	3612
'# p'	2	3613
'是'	1	3614
'°'	1	3615
'A a'	2	3616
'\t x'	2	3617
'6 e'	2	3618
'R 2'	2	3619
'* t'	2	3620
'& a'	2	3621
'l 0'	2	3622
'& q'	2	3623
'* c'	2	3624
'\\ a'	2	3625
'm w'	2	3626
'A v'	2	3627
'7 e'	2	3628
'i 2'	2	3629
'# F'	2	3630
'\t O'	2	3631
'W R'	2	3632
'S m'	2	3633
'C :'	2	3634
'R F'	2	3635
'h M'	2	3636
'´'	1	3637
'Ï'	1	3638
"' g"	2	3639
'F P'	2	3640
't 8'	2	3641
'm v'	2	3642
'} -'	2	3643
'1 ='	2	3644
'/ \\'	2	3645
'{ o'	2	3646
'l ]'	2	3647
'¬'	1	3648
'¨'	1	3649
'§'	1	3650
'h P'	2	3651
'T K'	2	3652
'v \n'	2	3653
'\\ f'	2	3654
'/ 3'	2	3655
't 0'	2	3656
'ä'	1	3657
'L Y'	2	3658
'K -'	2	3659
'$ I'	2	3660
'²'	1	3661
'Z e'	2	3662
'$ u'	2	3663
'Ð'	1	3664
'? ?'	2	3665
'= ('	2	3666
'` .'	2	3667
'D W'	2	3668
"' >"	2	3669
'1 d'	2	3670
"' <"	2	3671
'º'	1	3672
'# a'	2	3673
'b x'	2	3674
'> 4'	2	3675
'@ .'	2	3676
'- V'	2	3677
'G G'	2	3678
'9 a'	2	3679
'\t L'	2	3680
'\t ;'	2	3681
'N ='	2	3682
'= T'	2	3683
'e ?'	2	3684
'r W'	2	3685
'm ['	2	3686
'C i'	2	3687
'B T'	2	3688
'f 4'	2	3689
'l \\'	2	3690
'f /'	2	3691
'm R'	2	3692
'k y'	2	3693
'r H'	2	3694
'd 4'	2	3695
') ='	2	3696
'¸'	1	3697
'd h'	2	3698
'\t B'	2	3699
'x 7'	2	3700
'C .'	2	3701
'> h'	2	3702
"k '"	2	3703
'* ('	2	3704
'. @'	2	3705
'T w'	2	3706
'> E'	2	3707
'\\ <'	2	3708
'9 ;'	2	3709
'P \n'	2	3710
'p <'	2	3711
'K n'	2	3712
'U _'	2	3713
'c D'	2	3714
'b ;'	2	3715
'2 a'	2	3716
'Y \n'	2	3717
'> e'	2	3718
'# 2'	2	3719
'p w'	2	3720
"' -"	2	3721
'X m'	2	3722
'% x'	2	3723
'{ e'	2	3724
'Y W'	2	3725
't `'	2	3726
'y ]'	2	3727
'n H'	2	3728
'9 e'	2	3729
'H S'	2	3730
'o A'	2	3731
'D }'	2	3732
'¹'	1	3733
'C N'	2	3734
'@ _'	2	3735
'# ,'	2	3736
'$ 0'	2	3737
'e &'	2	3738
'®'	1	3739
'\\ R'	2	3740
'[ b'	2	3741
'4 >'	2	3742
'\x0f \x0f'	2	3743
'5 \\'	2	3744
'= s'	2	3745
'- R'	2	3746
'$ g'	2	3747
'4 b'	2	3748
"' %"	2	3749
', h'	2	3750
'e 8'	2	3751
'м'	1	3752
'i \t'	2	3753
'0 +'	2	3754
'a W'	2	3755
'k w'	2	3756
'< W'	2	3757
'i P'	2	3758
'[ e'	2	3759
's W'	2	3760
'> B'	2	3761
'3 f'	2	3762
'{ l'	2	3763
'u /'	2	3764
'& m'	2	3765
"x '"	2	3766
'g 2'	2	3767
'q .'	2	3768
'= f'	2	3769
'{ n'	2	3770
'N :'	2	3771
'\xad'	1	3772
'F "'	2	3773
'B ;'	2	3774
'e 5'	2	3775
'[ 4'	2	3776
'п'	1	3777
'x 5'	2	3778
'% a'	2	3779
'4 \\'	2	3780
'q r'	2	3781
'2 ='	2	3782
'C "'	2	3783
"' P"	2	3784
'\t 8'	2	3785
'u u'	2	3786
'k >'	2	3787
'5 _'	2	3788
'8 b'	2	3789
'" *'	2	3790
'¯'	1	3791
'[ n'	2	3792
'c S'	2	3793
'L G'	2	3794
"' ("	2	3795
'A x'	2	3796
"/ '"	2	3797
'\n V'	2	3798
'Y 2'	2	3799
'/ 4'	2	3800
'\x0e \x0e'	2	3801
'3 >'	2	3802
'\x13 \x13'	2	3803
'\x10 \x10'	2	3804
'c R'	2	3805
'[ C'	2	3806
'f 6'	2	3807
'K o'	2	3808
'G ;'	2	3809
'\n 7'	2	3810
'p v'	2	3811
'b C'	2	3812
'f 5'	2	3813
'% ,'	2	3814
'( ~'	2	3815
'N ('	2	3816
'd \r'	2	3817
'u "'	2	3818
'= -'	2	3819
'y y'	2	3820
'd `'	2	3821
'p ['	2	3822
'w x'	2	3823
'K S'	2	3824
'g z'	2	3825
'> L'	2	3826
'8 p'	2	3827
'4 ('	2	3828
'8 c'	2	3829
'[ m'	2	3830
'u ,'	2	3831
'W ,'	2	3832
'4 \r'	2	3833
'l W'	2	3834
'e X'	2	3835
'p R'	2	3836
'\\ /'	2	3837
'\x11 \x11'	2	3838
'v ='	2	3839
'A i'	2	3840
'{ A'	2	3841
'\n |'	2	3842
'L M'	2	3843
'L 2'	2	3844
'- $'	2	3845
'L m'	2	3846
'ü'	1	3847
'у'	1	3848
'w g'	2	3849
'2 b'	2	3850
'% )'	2	3851
'\t 7'	2	3852
'w /'	2	3853
's G'	2	3854
's ?'	2	3855
'p 3'	2	3856
'o I'	2	3857
'j q'	2	3858
'< H'	2	3859
'Y e'	2	3860
"} '"	2	3861
'> o'	2	3862
"' w"	2	3863
'm 3'	2	3864
'" +'	2	3865
'k k'	2	3866
's X'	2	3867
'm O'	2	3868
', R'	2	3869
'c 6'	2	3870
'V G'	2	3871
'\t F'	2	3872
'l 3'	2	3873
'\n _'	2	3874
': O'	2	3875
'( `'	2	3876
'= U'	2	3877
'! ['	2	3878
'T -'	2	3879
'5 f'	2	3880
'( 6'	2	3881
'x b'	2	3882
'h 4'	2	3883
'y u'	2	3884
'/ #'	2	3885
'Q E'	2	3886
'w A'	2	3887
'r x'	2	3888
'2 *'	2	3889
'/ ,'	2	3890
'4 d'	2	3891
'T B'	2	3892
'V  '	2	3893
'- +'	2	3894
'R B'	2	3895
'c T'	2	3896
'" q'	2	3897
'g \\'	2	3898
'( j'	2	3899
'k D'	2	3900
'~ >'	2	3901
'a 4'	2	3902
'6 c'	2	3903
'* \r'	2	3904
'{ /'	2	3905
'F )'	2	3906
'\x12 \x12'	2	3907
'L F'	2	3908
'�'	1	3909
'- }'	2	3910
'o L'	2	3911
'H ,'	2	3912
'y 2'	2	3913
'o R'	2	3914
'; t'	2	3915
"' 2"	2	3916
'\\ ('	2	3917
'N }'	2	3918
'* \\'	2	3919
's *'	2	3920
': 7'	2	3921
'/ q'	2	3922
'H C'	2	3923
'D y'	2	3924
'[ N'	2	3925
'` c'	2	3926
'; c'	2	3927
'< 2'	2	3928
'[ f'	2	3929
'\ufeff <'	2	3930
'- P'	2	3931
'S q'	2	3932
'( H'	2	3933
'M Y'	2	3934
'S }'	2	3935
'$ 2'	2	3936
'] ='	2	3937
'k r'	2	3938
'M R'	2	3939
'u I'	2	3940
'h A'	2	3941
', \\'	2	3942
'v 3'	2	3943
'S 2'	2	3944
'k F'	2	3945
'D ;'	2	3946
'! d'	2	3947
'[ l'	2	3948
'm M'	2	3949
'k A'	2	3950
'_ X'	2	3951
') s'	2	3952
'N B'	2	3953
', D'	2	3954
'Ñ'	1	3955
'E s'	2	3956
"b '"	2	3957
'g R'	2	3958
'f 9'	2	3959
'a 5'	2	3960
'A k'	2	3961
'{ T'	2	3962
'O w'	2	3963
'$ S'	2	3964
'{ :'	2	3965
"' M"	2	3966
'- j'	2	3967
'Q T'	2	3968
'` s'	2	3969
'k c'	2	3970
'2 x'	2	3971
'P K'	2	3972
'+ #'	2	3973
'P V'	2	3974
'C s'	2	3975
'a \\'	2	3976
'T X'	2	3977
'x M'	2	3978
'l #'	2	3979
'一'	1	3980
'Ò'	1	3981
'_ J'	2	3982
'3 p'	2	3983
'% i'	2	3984
'[ T'	2	3985
'l j'	2	3986
'\x15 \x15'	2	3987
'Ó'	1	3988
'6 p'	2	3989
'y }'	2	3990
'k R'	2	3991
'\t 9'	2	3992
'\x1a \x1a'	2	3993
'a 6'	2	3994
'# 4'	2	3995
'{ B'	2	3996
'0 ('	2	3997
'b 4'	2	3998
'\\ 0'	2	3999
'% ('	2	4000
'ö'	1	4001
'; I'	2	4002
'G :'	2	4003
'C }'	2	4004
'x S'	2	4005
'= M'	2	4006
'Q Y'	2	4007
', P'	2	4008
'M F'	2	4009
'h }'	2	4010
's `'	2	4011
'r @'	2	4012
'j m'	2	4013
'k f'	2	4014
'? :'	2	4015
'\\ A'	2	4016
'" K'	2	4017
'w Y'	2	4018
'T G'	2	4019
'* a'	2	4020
'C t'	2	4021
'w E'	2	4022
'. z'	2	4023
'D /'	2	4024
'w T'	2	4025
'1 a'	2	4026
'f }'	2	4027
'h k'	2	4028
'Ô'	1	4029
'p A'	2	4030
'c 5'	2	4031
'[ ^'	2	4032
'O t'	2	4033
': $'	2	4034
'p N'	2	4035
'9 c'	2	4036
'G ('	2	4037
'# t'	2	4038
'G \n'	2	4039
'c 8'	2	4040
'e 9'	2	4041
'M \n'	2	4042
'C +'	2	4043
'4 \t'	2	4044
'\t U'	2	4045
'a 8'	2	4046
'f 7'	2	4047
', l'	2	4048
'$ w'	2	4049
'r \r'	2	4050
'Q S'	2	4051
'L B'	2	4052
'n q'	2	4053
'B \n'	2	4054
'7 /'	2	4055
'c \t'	2	4056
'M N'	2	4057
': W'	2	4058
'- \t'	2	4059
"E '"	2	4060
': 9'	2	4061
'x ]'	2	4062
'm A'	2	4063
'8 *'	2	4064
'L u'	2	4065
'F M'	2	4066
', v'	2	4067
'ç'	1	4068
'm L'	2	4069
'B P'	2	4070
"u '"	2	4071
'r 5'	2	4072
'w m'	2	4073
"' N"	2	4074
'h w'	2	4075
'= d'	2	4076
"f '"	2	4077
'* d'	2	4078
'f \\'	2	4079
'_ 4'	2	4080
'B G'	2	4081
'q w'	2	4082
'6 a'	2	4083
'p L'	2	4084
'w P'	2	4085
'D s'	2	4086
'\x14 \x14'	2	4087
'" ['	2	4088
': V'	2	4089
'% @'	2	4090
'\\ m'	2	4091
'a M'	2	4092
'& c'	2	4093
"' B"	2	4094
'K G'	2	4095
'/ ='	2	4096
'7 c'	2	4097
'v n'	2	4098
'> l'	2	4099
'I \n'	2	4100
'k E'	2	4101
'w ;'	2	4102
'Z X'	2	4103
'g ['	2	4104
'u z'	2	4105
'7 a'	2	4106
'3 \t'	2	4107
'u \n'	2	4108
'A J'	2	4109
') $'	2	4110
'\t j'	2	4111
'@ v'	2	4112
'@ {'	2	4113
'Z o'	2	4114
'( <'	2	4115
'\x06'	1	4116
'J A'	2	4117
'3 a'	2	4118
'X \n'	2	4119
'l H'	2	4120
'5 b'	2	4121
'& .'	2	4122
'< G'	2	4123
'h D'	2	4124
'X S'	2	4125
'+ "'	2	4126
'= a'	2	4127
'< >'	2	4128
'{ 2'	2	4129
'd ['	2	4130
'a q'	2	4131
"D '"	2	4132
'F N'	2	4133
'N X'	2	4134
'ý'	1	4135
'3 b'	2	4136
'\n 8'	2	4137
'` t'	2	4138
'à'	1	4139
'q ('	2	4140
'+ ;'	2	4141
'\t *'	2	4142
'O :'	2	4143
'不'	1	4144
'o V'	2	4145
'F ('	2	4146
', k'	2	4147
') ['	2	4148
"' E"	2	4149
'3 }'	2	4150
'\x0f \x0e'	2	4151
'e 7'	2	4152
'. \t'	2	4153
'\t >'	2	4154
'7 ]'	2	4155
'f ]'	2	4156
'h R'	2	4157
't ?'	2	4158
'用'	1	4159
'5 d'	2	4160
'x B'	2	4161
'o M'	2	4162
'ã'	1	4163
'j d'	2	4164
'H "'	2	4165
'b 7'	2	4166
'U X'	2	4167
'X -'	2	4168
'a V'	2	4169
'A )'	2	4170
': U'	2	4171
'c P'	2	4172
'G D'	2	4173
'G V'	2	4174
't @'	2	4175
'K U'	2	4176
'b 8'	2	4177
'> ]'	2	4178
'b 5'	2	4179
"' I"	2	4180
'g \t'	2	4181
'= 5'	2	4182
'\x16 \x16'	2	4183
'm }'	2	4184
'A e'	2	4185
'd 8'	2	4186
'% f'	2	4187
', u'	2	4188
': \r'	2	4189
'; i'	2	4190
'V Q'	2	4191
'- q'	2	4192
'f S'	2	4193
'X c'	2	4194
'+ 2'	2	4195
'D Q'	2	4196
'z u'	2	4197
'g }'	2	4198
'e K'	2	4199
'x P'	2	4200
'$ E'	2	4201
'u v'	2	4202
'3 \\'	2	4203
'5 a'	2	4204
'z A'	2	4205
'j )'	2	4206
'L K'	2	4207
'H D'	2	4208
"3 '"	2	4209
'6 b'	2	4210
'i ;'	2	4211
') >'	2	4212
'4 a'	2	4213
'\\ P'	2	4214
's U'	2	4215
'8 f'	2	4216
'c ]'	2	4217
'- %'	2	4218
'R 1'	2	4219
'$ "'	2	4220
's z'	2	4221
'L V'	2	4222
'v :'	2	4223
'* m'	2	4224
'i C'	2	4225
'+ i'	2	4226
'u 8'	2	4227
'b 6'	2	4228
'\\ v'	2	4229
'V T'	2	4230
'N 3'	2	4231
'G 9'	2	4232
'6 f'	2	4233
'p E'	2	4234
'h I'	2	4235
'D G'	2	4236
'c >'	2	4237
'% c'	2	4238
', {'	2	4239
'; 1'	2	4240
': @'	2	4241
'Õ'	1	4242
'* \t'	2	4243
'd 9'	2	4244
'a 9'	2	4245
'v ('	2	4246
'A o'	2	4247
'\x0e \r'	2	4248
'" J'	2	4249
'D X'	2	4250
'h E'	2	4251
'P )'	2	4252
'9 f'	2	4253
'x <'	2	4254
'X )'	2	4255
'c L'	2	4256
'f v'	2	4257
'O E'	2	4258
'g w'	2	4259
'\x10 \x0f'	2	4260
'] {'	2	4261
'@ o'	2	4262
'7 \\'	2	4263
'8 \t'	2	4264
'6 \r'	2	4265
'p O'	2	4266
'- z'	2	4267
'c N'	2	4268
'N .'	2	4269
'1 +'	2	4270
'W 3'	2	4271
'm E'	2	4272
'4 }'	2	4273
'α'	1	4274
'c 7'	2	4275
', y'	2	4276
'> _'	2	4277
'C m'	2	4278
'= i'	2	4279
'" ^'	2	4280
'" &'	2	4281
'K a'	2	4282
'p \\'	2	4283
'x E'	2	4284
'a 7'	2	4285
'$ D'	2	4286
'% -'	2	4287
'@ n'	2	4288
'/ V'	2	4289
'k <'	2	4290
'8 d'	2	4291
'Ö'	1	4292
"I '"	2	4293
'5 \t'	2	4294
'5 \r'	2	4295
'& :'	2	4296
'* i'	2	4297
'P .'	2	4298
'E <'	2	4299
'x D'	2	4300
'8 \r'	2	4301
"T '"	2	4302
'v u'	2	4303
'j b'	2	4304
'Y M'	2	4305
'( /'	2	4306
'r U'	2	4307
"U '"	2	4308
'/ z'	2	4309
'" ='	2	4310
'K D'	2	4311
'X A'	2	4312
'# 6'	2	4313
'( X'	2	4314
'L \t'	2	4315
') &'	2	4316
'> H'	2	4317
'6 \t'	2	4318
'з'	1	4319
'! $'	2	4320
'Y N'	2	4321
'I U'	2	4322
'\x17 \x17'	2	4323
'B .'	2	4324
'R .'	2	4325
'a L'	2	4326
'x L'	2	4327
'5 <'	2	4328
'9 d'	2	4329
'3 \r'	2	4330
'# 8'	2	4331
'& p'	2	4332
'P G'	2	4333
'_ y'	2	4334
'k L'	2	4335
'f T'	2	4336
'/ 5'	2	4337
'ل'	1	4338
'I )'	2	4339
'i O'	2	4340
'v y'	2	4341
'" `'	2	4342
'b 9'	2	4343
'c 9'	2	4344
') +'	2	4345
'[ o'	2	4346
'8 }'	2	4347
'^  '	2	4348
'a F'	2	4349
'/ \t'	2	4350
'R :'	2	4351
': `'	2	4352
'u 6'	2	4353
'% o'	2	4354
'J O'	2	4355
'? "'	2	4356
'u B'	2	4357
'7 b'	2	4358
'c M'	2	4359
'E w'	2	4360
'# 5'	2	4361
'x ['	2	4362
'[ {'	2	4363
'- y'	2	4364
'T ;'	2	4365
'= S'	2	4366
'@ A'	2	4367
'\\ )'	2	4368
'5 }'	2	4369
'b T'	2	4370
'R "'	2	4371
'a D'	2	4372
'\\ ['	2	4373
'Q C'	2	4374
'j A'	2	4375
'w F'	2	4376
'有'	1	4377
'S 1'	2	4378
'H M'	2	4379
'V O'	2	4380
'- O'	2	4381
'` )'	2	4382
'_ \\'	2	4383
'N R'	2	4384
'u 5'	2	4385
'I g'	2	4386
'O \n'	2	4387
'E @'	2	4388
'd 7'	2	4389
'@ O'	2	4390
'\t ]'	2	4391
'{ E'	2	4392
'( W'	2	4393
'p V'	2	4394
't Q'	2	4395
'o \\'	2	4396
'z l'	2	4397
'# \t'	2	4398
'T 2'	2	4399
'V P'	2	4400
'V ,'	2	4401
'Y X'	2	4402
', w'	2	4403
'g &'	2	4404
'×'	1	4405
'Z W'	2	4406
'# E'	2	4407
'B )'	2	4408
'f C'	2	4409
'X D'	2	4410
'y \\'	2	4411
'c w'	2	4412
'L 1'	2	4413
'r K'	2	4414
'- U'	2	4415
'f M'	2	4416
'q ,'	2	4417
'\n 9'	2	4418
'm \\'	2	4419
'V \n'	2	4420
'E f'	2	4421
'& \n'	2	4422
'd *'	2	4423
'8 a'	2	4424
'm 0'	2	4425
'u Y'	2	4426
'[ P'	2	4427
'< 4'	2	4428
'v \t'	2	4429
'8 ('	2	4430
'6 d'	2	4431
'= %'	2	4432
'F G'	2	4433
'c }'	2	4434
'\x18 \x18'	2	4435
'y U'	2	4436
'R Q'	2	4437
'G t'	2	4438
'\x11 \x10'	2	4439
'Q D'	2	4440
'- ='	2	4441
'S n'	2	4442
'% b'	2	4443
'6 \\'	2	4444
'. J'	2	4445
'> ['	2	4446
'K C'	2	4447
'h g'	2	4448
'7 d'	2	4449
'$ C'	2	4450
'6 <'	2	4451
'$ k'	2	4452
'p \t'	2	4453
'è'	1	4454
'M G'	2	4455
'= ['	2	4456
'- "'	2	4457
'` a'	2	4458
'% 0'	2	4459
'_ "'	2	4460
'v B'	2	4461
'r 9'	2	4462
'x A'	2	4463
'\x0c \x0c'	2	4464
'@ H'	2	4465
"' F"	2	4466
'8 n'	2	4467
'f P'	2	4468
'f ['	2	4469
'\t )'	2	4470
'. +'	2	4471
'r 6'	2	4472
'9 b'	2	4473
'Z  '	2	4474
'` e'	2	4475
'a G'	2	4476
'e !'	2	4477
'g 4'	2	4478
'w H'	2	4479
'\n Y'	2	4480
'å'	1	4481
'( 8'	2	4482
'= N'	2	4483
'9 \\'	2	4484
"' L"	2	4485
'b \t'	2	4486
'= ~'	2	4487
'C ='	2	4488
'b h'	2	4489
'H H'	2	4490
'M 1'	2	4491
'u 1'	2	4492
'[ I'	2	4493
'O X'	2	4494
'C ('	2	4495
'я'	1	4496
'5 j'	2	4497
'C W'	2	4498
'h L'	2	4499
"' *"	2	4500
'y f'	2	4501
'w R'	2	4502
'9 \r'	2	4503
'\r \x0c'	2	4504
'` i'	2	4505
'l G'	2	4506
'; )'	2	4507
'd |'	2	4508
'* r'	2	4509
'= /'	2	4510
'c I'	2	4511
'\n K'	2	4512
'Q _'	2	4513
'# 9'	2	4514
'] \r'	2	4515
'D Y'	2	4516
'q s'	2	4517
'\\ ]'	2	4518
'E \t'	2	4519
't !'	2	4520
'j B'	2	4521
'I ='	2	4522
"w '"	2	4523
'; C'	2	4524
'\x19 \x19'	2	4525
'D >'	2	4526
'E c'	2	4527
'/ y'	2	4528
'\t \r'	2	4529
'l x'	2	4530
'= F'	2	4531
'7 \r'	2	4532
'm {'	2	4533
'ê'	1	4534
'= r'	2	4535
'T 0'	2	4536
'* $'	2	4537
'w O'	2	4538
'[ D'	2	4539
'个'	1	4540
'i h'	2	4541
"* '"	2	4542
'X J'	2	4543
'o ='	2	4544
'! /'	2	4545
'M V'	2	4546
'w 2'	2	4547
'p 4'	2	4548
'n @'	2	4549
'i ('	2	4550
'{ #'	2	4551
'b G'	2	4552
'H U'	2	4553
'Y Y'	2	4554
'\x12 \x11'	2	4555
'& )'	2	4556
'\t W'	2	4557
'Y B'	2	4558
'= C'	2	4559
'g V'	2	4560
'* ='	2	4561
'z m'	2	4562
'v f'	2	4563
'ú'	1	4564
'_ 8'	2	4565
'3 <'	2	4566
'G .'	2	4567
'( y'	2	4568
'p }'	2	4569
'9 t'	2	4570
'X O'	2	4571
'E U'	2	4572
'+ .'	2	4573
'_ $'	2	4574
'; h'	2	4575
'O -'	2	4576
'b D'	2	4577
'u C'	2	4578
'\x1c \x1c'	2	4579
'P }'	2	4580
'* b'	2	4581
't |'	2	4582
'Q  '	2	4583
'` p'	2	4584
'> 5'	2	4585
'o U'	2	4586
'T V'	2	4587
'. K'	2	4588
'ë'	1	4589
'x 9'	2	4590
'b I'	2	4591
'w f'	2	4592
's H'	2	4593
'o W'	2	4594
'k N'	2	4595
'; ='	2	4596
"' U"	2	4597
'_ z'	2	4598
'6 ('	2	4599
'了'	1	4600
'$ J'	2	4601
'$ !'	2	4602
'T }'	2	4603
'> x'	2	4604
'[ M'	2	4605
'N v'	2	4606
') V'	2	4607
'在'	1	4608
'б'	1	4609
'$ @'	2	4610
'o 1'	2	4611
'Ø'	1	4612
': H'	2	4613
'M X'	2	4614
'* !'	2	4615
'{ @'	2	4616
'/ ^'	2	4617
'Y )'	2	4618
'; .'	2	4619
'c G'	2	4620
'a I'	2	4621
'm ]'	2	4622
'm W'	2	4623
'( ?'	2	4624
'\n j'	2	4625
'r `'	2	4626
'ù'	1	4627
'ο'	1	4628
'我'	1	4629
'H B'	2	4630
'C Y'	2	4631
'H L'	2	4632
'P :'	2	4633
'2 s'	2	4634
'{ _'	2	4635
'6 }'	2	4636
'q \t'	2	4637
'; _'	2	4638
'S -'	2	4639
'0 ='	2	4640
't q'	2	4641
'c <'	2	4642
'_ 5'	2	4643
'M :'	2	4644
'i S'	2	4645
'* n'	2	4646
'{ x'	2	4647
'4 x'	2	4648
'K \n'	2	4649
'9 _'	2	4650
'k q'	2	4651
'$ M'	2	4652
'Ú'	1	4653
'V H'	2	4654
'ر'	1	4655
'v 6'	2	4656
'@ u'	2	4657
', F'	2	4658
'X H'	2	4659
"i '"	2	4660
'b ['	2	4661
'c F'	2	4662
'v ['	2	4663
': X'	2	4664
'u y'	2	4665
'A H'	2	4666
'P X'	2	4667
'% l'	2	4668
'\x13 \x12'	2	4669
'τ'	1	4670
'm <'	2	4671
'X Y'	2	4672
'e @'	2	4673
'\\ h'	2	4674
'ы'	1	4675
'; m'	2	4676
'J i'	2	4677
'f F'	2	4678
'h ]'	2	4679
'; a'	2	4680
't 5'	2	4681
'( >'	2	4682
'g O'	2	4683
'; r'	2	4684
'a <'	2	4685
'/ <'	2	4686
'7 \t'	2	4687
'X N'	2	4688
'_ ['	2	4689
'\x0e \x10'	2	4690
'5 %'	2	4691
'( Q'	2	4692
'" !'	2	4693
'@ C'	2	4694
"' G"	2	4695
'; /'	2	4696
', L'	2	4697
'x I'	2	4698
'X ('	2	4699
'X 1'	2	4700
'# 7'	2	4701
'> O'	2	4702
'[ R'	2	4703
'> /'	2	4704
'l {'	2	4705
'\x17 \x16'	2	4706
'o 2'	2	4707
'_ /'	2	4708
'$ T'	2	4709
'n *'	2	4710
'Z I'	2	4711
'[ #'	2	4712
'= A'	2	4713
'w b'	2	4714
"' {"	2	4715
'% p'	2	4716
'O l'	2	4717
'е  '	2	4718
'$ R'	2	4719
'S /'	2	4720
'X "'	2	4721
'ñ'	1	4722
'{ 8'	2	4723
'+ /'	2	4724
'F }'	2	4725
'\x0f \x11'	2	4726
'U d'	2	4727
'h v'	2	4728
'a N'	2	4729
'* f'	2	4730
'v L'	2	4731
'\x0e \x11'	2	4732
'_ Z'	2	4733
'( 7'	2	4734
'w 0'	2	4735
'" ~'	2	4736
'K B'	2	4737
'Ü'	1	4738
'( q'	2	4739
'# C'	2	4740
"S '"	2	4741
'ن'	1	4742
'= e'	2	4743
'h O'	2	4744
'{ M'	2	4745
'q -'	2	4746
'j l'	2	4747
"\\ '"	2	4748
'4 j'	2	4749
'% B'	2	4750
'а  '	2	4751
'\x10 \x11'	2	4752
'\x0f \x10'	2	4753
'= m'	2	4754
'\r \x0f'	2	4755
'= y'	2	4756
'$ /'	2	4757
'( +'	2	4758
'x {'	2	4759
'_ -'	2	4760
'b W'	2	4761
'[ g'	2	4762
'r &'	2	4763
'g W'	2	4764
'\x14 \x13'	2	4765
'W P'	2	4766
'V y'	2	4767
'ε'	1	4768
'\x15 \x14'	2	4769
'L -'	2	4770
'O J'	2	4771
'q B'	2	4772
'o >'	2	4773
's +'	2	4774
': k'	2	4775
'2 V'	2	4776
'b P'	2	4777
'( ='	2	4778
'o <'	2	4779
'h 0'	2	4780
'( J'	2	4781
'î'	1	4782
'+ :'	2	4783
'p ]'	2	4784
'@ P'	2	4785
'\x1b \x1b'	2	4786
'\x18 \x17'	2	4787
'7 _'	2	4788
'v 7'	2	4789
'% .'	2	4790
'l U'	2	4791
'ß'	1	4792
"' _"	2	4793
'\x16 \x15'	2	4794
'P s'	2	4795
'Q 2'	2	4796
'\x0e \x0f'	2	4797
'G )'	2	4798
', #'	2	4799
'k G'	2	4800
'# l'	2	4801
's @'	2	4802
'c ['	2	4803
'= b'	2	4804
'æ'	1	4805
'0 m'	2	4806
'; p'	2	4807
'@ T'	2	4808
'W M'	2	4809
'% v'	2	4810
'U i'	2	4811
'Q G'	2	4812
'z \n'	2	4813
'[ \\'	2	4814
'= p'	2	4815
'\x12 \x13'	2	4816
'þ'	1	4817
'n K'	2	4818
'â'	1	4819
'$ .'	2	4820
'\x0f \x12'	2	4821
'\\ *'	2	4822
'8 >'	2	4823
'g U'	2	4824
'Z G'	2	4825
'I :'	2	4826
'; *'	2	4827
'Ù'	1	4828
'# r'	2	4829
'd q'	2	4830
'� �'	2	4831
'ò'	1	4832
'` _'	2	4833
'\t H'	2	4834
'> 3'	2	4835
'X a'	2	4836
'\x11 \x12'	2	4837
'X .'	2	4838
'k h'	2	4839
'[ k'	2	4840
'& b'	2	4841
'c K'	2	4842
'{ w'	2	4843
'W F'	2	4844
'; 0'	2	4845
'f h'	2	4846
'0 n'	2	4847
't +'	2	4848
"N '"	2	4849
'M Q'	2	4850
'c q'	2	4851
'B :'	2	4852
'@ I'	2	4853
'o N'	2	4854
'\x13 \x14'	2	4855
'f w'	2	4856
'& ,'	2	4857
') ?'	2	4858
'F ;'	2	4859
'c V'	2	4860
'\n &'	2	4861
'= D'	2	4862
'\x11 \x0f'	2	4863
'< V'	2	4864
'\\ T'	2	4865
'L 3'	2	4866
'h <'	2	4867
'S d'	2	4868
'F X'	2	4869
't Y'	2	4870
'\x14 \x15'	2	4871
'Û'	1	4872
'a }'	2	4873
"5 '"	2	4874
'D H'	2	4875
'\x10 \x0e'	2	4876
', B'	2	4877
'- ('	2	4878
'Y a'	2	4879
'. ('	2	4880
'x n'	2	4881
'n `'	2	4882
'Q R'	2	4883
'\n Q'	2	4884
'O .'	2	4885
'x u'	2	4886
'{ 3'	2	4887
'd +'	2	4888
'の'	1	4889
'm h'	2	4890
'\r  '	2	4891
'D b'	2	4892
'% g'	2	4893
'c E'	2	4894
'= 6'	2	4895
'+ ('	2	4896
'7 }'	2	4897
'E i'	2	4898
'ь'	1	4899
'\r \x10'	2	4900
'& r'	2	4901
'F :'	2	4902
'J e'	2	4903
'z .'	2	4904
'o G'	2	4905
'g x'	2	4906
'R %'	2	4907
'\\ E'	2	4908
'\t V'	2	4909
'U U'	2	4910
'\r \x0e'	2	4911
'# D'	2	4912
'م'	1	4913
"' O"	2	4914
'r 7'	2	4915
'l ['	2	4916
', _'	2	4917
'I 1'	2	4918
'n &'	2	4919
'h 5'	2	4920
'[ _'	2	4921
"6 '"	2	4922
'2 l'	2	4923
'\t &'	2	4924
'B N'	2	4925
'\x0c \x0b'	2	4926
'@ h'	2	4927
'c B'	2	4928
'a B'	2	4929
'( K'	2	4930
'L <'	2	4931
'K R'	2	4932
'  п'	2	4933
'ø'	1	4934
"' j"	2	4935
'h \t'	2	4936
'文'	1	4937
'f >'	2	4938
'[ B'	2	4939
'L N'	2	4940
'T \t'	2	4941
'M 3'	2	4942
'/ ('	2	4943
'I w'	2	4944
'a H'	2	4945
'A z'	2	4946
'I Q'	2	4947
'\x15 \x16'	2	4948
'h f'	2	4949
'" \t'	2	4950
'a R'	2	4951
'\x1d \x1d'	2	4952
'\x10 \x13'	2	4953
'\x10 \x12'	2	4954
'> `'	2	4955
'Ý'	1	4956
'H )'	2	4957
'k O'	2	4958
'S X'	2	4959
'Q M'	2	4960
'i w'	2	4961
': _'	2	4962
'B >'	2	4963
'$ A'	2	4964
'V L'	2	4965
'N 0'	2	4966
'V D'	2	4967
'* 1'	2	4968
'x r'	2	4969
'x \\'	2	4970
'a ]'	2	4971
'A :'	2	4972
'ν'	1	4973
'W D'	2	4974
'u \t'	2	4975
's |'	2	4976
'w N'	2	4977
"8 '"	2	4978
'l 4'	2	4979
'U H'	2	4980
'M -'	2	4981
'\\ I'	2	4982
'е н'	2	4983
'W C'	2	4984
'U +'	2	4985
'\x12 \x10'	2	4986
': K'	2	4987
'$ x'	2	4988
'; Q'	2	4989
'9 }'	2	4990
', `'	2	4991
"% '"	2	4992
'# b'	2	4993
'\x19 \x18'	2	4994
'e Y'	2	4995
'Q W'	2	4996
'- H'	2	4997
'{ R'	2	4998
'、'	1	4999
